<?xml version='1.0'?>
<!--Warning : Don't edit this file -->
<project>

<instance class="PJM">
<rowset name="PjmDefn" size="2856" count="1">
<row>
<szLastUpdDttm>2023-01-23-17.29.38.763560</szLastUpdDttm>
<szLastUpdOprId>PSELH</szLastUpdOprId>
<szProjectName>CY2_DIRECTORY_VIEWER_002</szProjectName>
<szProjectDescr>PS Directory Viewer 2.0</szProjectDescr>
<rowset name="char" size="344" count="1">
<row></row></rowset>
<lpPit>
<rowset name="PjmPit" size="235400" count="275">
<row>
<eObjectType>0</eObjectType>
<szObjectValue_0>CY2_PSS_ACT_VW</szObjectValue_0>
<szObjectValue_1></szObjectValue_1>
<szObjectValue_2></szObjectValue_2>
<szObjectValue_3></szObjectValue_3>
<bExecute>0</bExecute>
<eUpgradeAction>0</eUpgradeAction>
<bTakeAction>1</bTakeAction></row>
<row>
<eObjectType>0</eObjectType>
<szObjectValue_0>CY2_PSS_DIR_AUD</szObjectValue_0>
<szObjectValue_1></szObjectValue_1>
<szObjectValue_2></szObjectValue_2>
<szObjectValue_3></szObjectValue_3>
<bExecute>0</bExecute>
<eUpgradeAction>0</eUpgradeAction>
<bTakeAction>1</bTakeAction></row>
<row>
<eObjectType>0</eObjectType>
<szObjectValue_0>CY2_PSS_DIR_CPW</szObjectValue_0>
<szObjectValue_1></szObjectValue_1>
<szObjectValue_2></szObjectValue_2>
<szObjectValue_3></szObjectValue_3>
<bExecute>0</bExecute>
<eUpgradeAction>0</eUpgradeAction>
<bTakeAction>1</bTakeAction></row>
<row>
<eObjectType>0</eObjectType>
<szObjectValue_0>CY2_PSS_DIR_DDT</szObjectValue_0>
<szObjectValue_1></szObjectValue_1>
<szObjectValue_2></szObjectValue_2>
<szObjectValue_3></szObjectValue_3>
<bExecute>0</bExecute>
<eUpgradeAction>0</eUpgradeAction>
<bTakeAction>1</bTakeAction></row>
<row>
<eObjectType>0</eObjectType>
<szObjectValue_0>CY2_PSS_DIR_DER</szObjectValue_0>
<szObjectValue_1></szObjectValue_1>
<szObjectValue_2></szObjectValue_2>
<szObjectValue_3></szObjectValue_3>
<bExecute>0</bExecute>
<eUpgradeAction>0</eUpgradeAction>
<bTakeAction>1</bTakeAction></row>
<row>
<eObjectType>0</eObjectType>
<szObjectValue_0>CY2_PSS_DIR_DHD</szObjectValue_0>
<szObjectValue_1></szObjectValue_1>
<szObjectValue_2></szObjectValue_2>
<szObjectValue_3></szObjectValue_3>
<bExecute>0</bExecute>
<eUpgradeAction>1</eUpgradeAction>
<bTakeAction>1</bTakeAction></row>
<row>
<eObjectType>0</eObjectType>
<szObjectValue_0>CY2_PSS_DIR_DPW</szObjectValue_0>
<szObjectValue_1></szObjectValue_1>
<szObjectValue_2></szObjectValue_2>
<szObjectValue_3></szObjectValue_3>
<bExecute>0</bExecute>
<eUpgradeAction>0</eUpgradeAction>
<bTakeAction>1</bTakeAction></row>
<row>
<eObjectType>0</eObjectType>
<szObjectValue_0>CY2_PSS_DIR_DVW</szObjectValue_0>
<szObjectValue_1></szObjectValue_1>
<szObjectValue_2></szObjectValue_2>
<szObjectValue_3></szObjectValue_3>
<bExecute>0</bExecute>
<eUpgradeAction>0</eUpgradeAction>
<bTakeAction>1</bTakeAction></row>
<row>
<eObjectType>0</eObjectType>
<szObjectValue_0>CY2_PSS_DIR_EXC</szObjectValue_0>
<szObjectValue_1></szObjectValue_1>
<szObjectValue_2></szObjectValue_2>
<szObjectValue_3></szObjectValue_3>
<bExecute>0</bExecute>
<eUpgradeAction>0</eUpgradeAction>
<bTakeAction>1</bTakeAction></row>
<row>
<eObjectType>0</eObjectType>
<szObjectValue_0>CY2_PSS_DIR_FLE</szObjectValue_0>
<szObjectValue_1></szObjectValue_1>
<szObjectValue_2></szObjectValue_2>
<szObjectValue_3></szObjectValue_3>
<bExecute>0</bExecute>
<eUpgradeAction>0</eUpgradeAction>
<bTakeAction>1</bTakeAction></row>
<row>
<eObjectType>0</eObjectType>
<szObjectValue_0>CY2_PSS_DIR_INS</szObjectValue_0>
<szObjectValue_1></szObjectValue_1>
<szObjectValue_2></szObjectValue_2>
<szObjectValue_3></szObjectValue_3>
<bExecute>0</bExecute>
<eUpgradeAction>0</eUpgradeAction>
<bTakeAction>1</bTakeAction></row>
<row>
<eObjectType>0</eObjectType>
<szObjectValue_0>CY2_PSS_DIR_PDM</szObjectValue_0>
<szObjectValue_1></szObjectValue_1>
<szObjectValue_2></szObjectValue_2>
<szObjectValue_3></szObjectValue_3>
<bExecute>0</bExecute>
<eUpgradeAction>0</eUpgradeAction>
<bTakeAction>1</bTakeAction></row>
<row>
<eObjectType>0</eObjectType>
<szObjectValue_0>CY2_PSS_DIR_PHD</szObjectValue_0>
<szObjectValue_1></szObjectValue_1>
<szObjectValue_2></szObjectValue_2>
<szObjectValue_3></szObjectValue_3>
<bExecute>0</bExecute>
<eUpgradeAction>0</eUpgradeAction>
<bTakeAction>1</bTakeAction></row>
<row>
<eObjectType>0</eObjectType>
<szObjectValue_0>CY2_PSS_DIR_PRF</szObjectValue_0>
<szObjectValue_1></szObjectValue_1>
<szObjectValue_2></szObjectValue_2>
<szObjectValue_3></szObjectValue_3>
<bExecute>0</bExecute>
<eUpgradeAction>0</eUpgradeAction>
<bTakeAction>1</bTakeAction></row>
<row>
<eObjectType>0</eObjectType>
<szObjectValue_0>CY2_PSS_DIR_SPW</szObjectValue_0>
<szObjectValue_1></szObjectValue_1>
<szObjectValue_2></szObjectValue_2>
<szObjectValue_3></szObjectValue_3>
<bExecute>0</bExecute>
<eUpgradeAction>0</eUpgradeAction>
<bTakeAction>1</bTakeAction></row>
<row>
<eObjectType>0</eObjectType>
<szObjectValue_0>CY2_PSS_DIR_SVW</szObjectValue_0>
<szObjectValue_1></szObjectValue_1>
<szObjectValue_2></szObjectValue_2>
<szObjectValue_3></szObjectValue_3>
<bExecute>0</bExecute>
<eUpgradeAction>0</eUpgradeAction>
<bTakeAction>1</bTakeAction></row>
<row>
<eObjectType>0</eObjectType>
<szObjectValue_0>CY2_PSS_DIR_VW</szObjectValue_0>
<szObjectValue_1></szObjectValue_1>
<szObjectValue_2></szObjectValue_2>
<szObjectValue_3></szObjectValue_3>
<bExecute>0</bExecute>
<eUpgradeAction>0</eUpgradeAction>
<bTakeAction>1</bTakeAction></row>
<row>
<eObjectType>2</eObjectType>
<szObjectValue_0>CY2_AUD_ACTIONS</szObjectValue_0>
<szObjectValue_1></szObjectValue_1>
<szObjectValue_2></szObjectValue_2>
<szObjectValue_3></szObjectValue_3>
<bExecute>0</bExecute>
<eUpgradeAction>0</eUpgradeAction>
<bTakeAction>1</bTakeAction></row>
<row>
<eObjectType>2</eObjectType>
<szObjectValue_0>CY2_CANNOT_DELETE</szObjectValue_0>
<szObjectValue_1></szObjectValue_1>
<szObjectValue_2></szObjectValue_2>
<szObjectValue_3></szObjectValue_3>
<bExecute>0</bExecute>
<eUpgradeAction>0</eUpgradeAction>
<bTakeAction>1</bTakeAction></row>
<row>
<eObjectType>2</eObjectType>
<szObjectValue_0>CY2_CANNOT_UPLOAD</szObjectValue_0>
<szObjectValue_1></szObjectValue_1>
<szObjectValue_2></szObjectValue_2>
<szObjectValue_3></szObjectValue_3>
<bExecute>0</bExecute>
<eUpgradeAction>0</eUpgradeAction>
<bTakeAction>1</bTakeAction></row>
<row>
<eObjectType>2</eObjectType>
<szObjectValue_0>CY2_CANNOT_VIEW</szObjectValue_0>
<szObjectValue_1></szObjectValue_1>
<szObjectValue_2></szObjectValue_2>
<szObjectValue_3></szObjectValue_3>
<bExecute>0</bExecute>
<eUpgradeAction>0</eUpgradeAction>
<bTakeAction>1</bTakeAction></row>
<row>
<eObjectType>2</eObjectType>
<szObjectValue_0>CY2_CAN_DELETE</szObjectValue_0>
<szObjectValue_1></szObjectValue_1>
<szObjectValue_2></szObjectValue_2>
<szObjectValue_3></szObjectValue_3>
<bExecute>0</bExecute>
<eUpgradeAction>0</eUpgradeAction>
<bTakeAction>1</bTakeAction></row>
<row>
<eObjectType>2</eObjectType>
<szObjectValue_0>CY2_CAN_UPLOAD</szObjectValue_0>
<szObjectValue_1></szObjectValue_1>
<szObjectValue_2></szObjectValue_2>
<szObjectValue_3></szObjectValue_3>
<bExecute>0</bExecute>
<eUpgradeAction>0</eUpgradeAction>
<bTakeAction>1</bTakeAction></row>
<row>
<eObjectType>2</eObjectType>
<szObjectValue_0>CY2_CAN_VIEW</szObjectValue_0>
<szObjectValue_1></szObjectValue_1>
<szObjectValue_2></szObjectValue_2>
<szObjectValue_3></szObjectValue_3>
<bExecute>0</bExecute>
<eUpgradeAction>0</eUpgradeAction>
<bTakeAction>1</bTakeAction></row>
<row>
<eObjectType>2</eObjectType>
<szObjectValue_0>CY2_CHECK_FILE_VAL</szObjectValue_0>
<szObjectValue_1></szObjectValue_1>
<szObjectValue_2></szObjectValue_2>
<szObjectValue_3></szObjectValue_3>
<bExecute>0</bExecute>
<eUpgradeAction>0</eUpgradeAction>
<bTakeAction>1</bTakeAction></row>
<row>
<eObjectType>2</eObjectType>
<szObjectValue_0>CY2_CLASSID</szObjectValue_0>
<szObjectValue_1></szObjectValue_1>
<szObjectValue_2></szObjectValue_2>
<szObjectValue_3></szObjectValue_3>
<bExecute>0</bExecute>
<eUpgradeAction>0</eUpgradeAction>
<bTakeAction>1</bTakeAction></row>
<row>
<eObjectType>2</eObjectType>
<szObjectValue_0>CY2_CRDR_CASCADE</szObjectValue_0>
<szObjectValue_1></szObjectValue_1>
<szObjectValue_2></szObjectValue_2>
<szObjectValue_3></szObjectValue_3>
<bExecute>0</bExecute>
<eUpgradeAction>0</eUpgradeAction>
<bTakeAction>1</bTakeAction></row>
<row>
<eObjectType>2</eObjectType>
<szObjectValue_0>CY2_CRDR_DIRECTORY</szObjectValue_0>
<szObjectValue_1></szObjectValue_1>
<szObjectValue_2></szObjectValue_2>
<szObjectValue_3></szObjectValue_3>
<bExecute>0</bExecute>
<eUpgradeAction>0</eUpgradeAction>
<bTakeAction>1</bTakeAction></row>
<row>
<eObjectType>2</eObjectType>
<szObjectValue_0>CY2_CREATE_DIR</szObjectValue_0>
<szObjectValue_1></szObjectValue_1>
<szObjectValue_2></szObjectValue_2>
<szObjectValue_3></szObjectValue_3>
<bExecute>0</bExecute>
<eUpgradeAction>0</eUpgradeAction>
<bTakeAction>1</bTakeAction></row>
<row>
<eObjectType>2</eObjectType>
<szObjectValue_0>CY2_DELETE_DIR</szObjectValue_0>
<szObjectValue_1></szObjectValue_1>
<szObjectValue_2></szObjectValue_2>
<szObjectValue_3></szObjectValue_3>
<bExecute>0</bExecute>
<eUpgradeAction>0</eUpgradeAction>
<bTakeAction>1</bTakeAction></row>
<row>
<eObjectType>2</eObjectType>
<szObjectValue_0>CY2_DELETE_FILE</szObjectValue_0>
<szObjectValue_1></szObjectValue_1>
<szObjectValue_2></szObjectValue_2>
<szObjectValue_3></szObjectValue_3>
<bExecute>0</bExecute>
<eUpgradeAction>0</eUpgradeAction>
<bTakeAction>1</bTakeAction></row>
<row>
<eObjectType>2</eObjectType>
<szObjectValue_0>CY2_DEL_CASCADE</szObjectValue_0>
<szObjectValue_1></szObjectValue_1>
<szObjectValue_2></szObjectValue_2>
<szObjectValue_3></szObjectValue_3>
<bExecute>0</bExecute>
<eUpgradeAction>1</eUpgradeAction>
<bTakeAction>1</bTakeAction></row>
<row>
<eObjectType>2</eObjectType>
<szObjectValue_0>CY2_DEL_DIRECTORY</szObjectValue_0>
<szObjectValue_1></szObjectValue_1>
<szObjectValue_2></szObjectValue_2>
<szObjectValue_3></szObjectValue_3>
<bExecute>0</bExecute>
<eUpgradeAction>1</eUpgradeAction>
<bTakeAction>1</bTakeAction></row>
<row>
<eObjectType>2</eObjectType>
<szObjectValue_0>CY2_DIR_FILE_ACTNS</szObjectValue_0>
<szObjectValue_1></szObjectValue_1>
<szObjectValue_2></szObjectValue_2>
<szObjectValue_3></szObjectValue_3>
<bExecute>0</bExecute>
<eUpgradeAction>0</eUpgradeAction>
<bTakeAction>1</bTakeAction></row>
<row>
<eObjectType>2</eObjectType>
<szObjectValue_0>CY2_DIR_PATH</szObjectValue_0>
<szObjectValue_1></szObjectValue_1>
<szObjectValue_2></szObjectValue_2>
<szObjectValue_3></szObjectValue_3>
<bExecute>0</bExecute>
<eUpgradeAction>0</eUpgradeAction>
<bTakeAction>1</bTakeAction></row>
<row>
<eObjectType>2</eObjectType>
<szObjectValue_0>CY2_DLDR_CASCADE</szObjectValue_0>
<szObjectValue_1></szObjectValue_1>
<szObjectValue_2></szObjectValue_2>
<szObjectValue_3></szObjectValue_3>
<bExecute>0</bExecute>
<eUpgradeAction>0</eUpgradeAction>
<bTakeAction>1</bTakeAction></row>
<row>
<eObjectType>2</eObjectType>
<szObjectValue_0>CY2_DLDR_DIRECTORY</szObjectValue_0>
<szObjectValue_1></szObjectValue_1>
<szObjectValue_2></szObjectValue_2>
<szObjectValue_3></szObjectValue_3>
<bExecute>0</bExecute>
<eUpgradeAction>0</eUpgradeAction>
<bTakeAction>1</bTakeAction></row>
<row>
<eObjectType>2</eObjectType>
<szObjectValue_0>CY2_DWNL_CASCADE</szObjectValue_0>
<szObjectValue_1></szObjectValue_1>
<szObjectValue_2></szObjectValue_2>
<szObjectValue_3></szObjectValue_3>
<bExecute>0</bExecute>
<eUpgradeAction>0</eUpgradeAction>
<bTakeAction>1</bTakeAction></row>
<row>
<eObjectType>2</eObjectType>
<szObjectValue_0>CY2_DWNL_DIRECTORY</szObjectValue_0>
<szObjectValue_1></szObjectValue_1>
<szObjectValue_2></szObjectValue_2>
<szObjectValue_3></szObjectValue_3>
<bExecute>0</bExecute>
<eUpgradeAction>0</eUpgradeAction>
<bTakeAction>1</bTakeAction></row>
<row>
<eObjectType>2</eObjectType>
<szObjectValue_0>CY2_EXC_DIRECTORY</szObjectValue_0>
<szObjectValue_1></szObjectValue_1>
<szObjectValue_2></szObjectValue_2>
<szObjectValue_3></szObjectValue_3>
<bExecute>0</bExecute>
<eUpgradeAction>0</eUpgradeAction>
<bTakeAction>1</bTakeAction></row>
<row>
<eObjectType>2</eObjectType>
<szObjectValue_0>CY2_FILE_EXTENSION</szObjectValue_0>
<szObjectValue_1></szObjectValue_1>
<szObjectValue_2></szObjectValue_2>
<szObjectValue_3></szObjectValue_3>
<bExecute>0</bExecute>
<eUpgradeAction>0</eUpgradeAction>
<bTakeAction>1</bTakeAction></row>
<row>
<eObjectType>2</eObjectType>
<szObjectValue_0>CY2_FILE_NAME</szObjectValue_0>
<szObjectValue_1></szObjectValue_1>
<szObjectValue_2></szObjectValue_2>
<szObjectValue_3></szObjectValue_3>
<bExecute>0</bExecute>
<eUpgradeAction>0</eUpgradeAction>
<bTakeAction>1</bTakeAction></row>
<row>
<eObjectType>2</eObjectType>
<szObjectValue_0>CY2_FILE_SIZE</szObjectValue_0>
<szObjectValue_1></szObjectValue_1>
<szObjectValue_2></szObjectValue_2>
<szObjectValue_3></szObjectValue_3>
<bExecute>0</bExecute>
<eUpgradeAction>0</eUpgradeAction>
<bTakeAction>1</bTakeAction></row>
<row>
<eObjectType>2</eObjectType>
<szObjectValue_0>CY2_FILE_VALUE</szObjectValue_0>
<szObjectValue_1></szObjectValue_1>
<szObjectValue_2></szObjectValue_2>
<szObjectValue_3></szObjectValue_3>
<bExecute>0</bExecute>
<eUpgradeAction>0</eUpgradeAction>
<bTakeAction>1</bTakeAction></row>
<row>
<eObjectType>2</eObjectType>
<szObjectValue_0>CY2_HIDDEN</szObjectValue_0>
<szObjectValue_1></szObjectValue_1>
<szObjectValue_2></szObjectValue_2>
<szObjectValue_3></szObjectValue_3>
<bExecute>0</bExecute>
<eUpgradeAction>0</eUpgradeAction>
<bTakeAction>1</bTakeAction></row>
<row>
<eObjectType>2</eObjectType>
<szObjectValue_0>CY2_HOME_BTN</szObjectValue_0>
<szObjectValue_1></szObjectValue_1>
<szObjectValue_2></szObjectValue_2>
<szObjectValue_3></szObjectValue_3>
<bExecute>0</bExecute>
<eUpgradeAction>0</eUpgradeAction>
<bTakeAction>1</bTakeAction></row>
<row>
<eObjectType>2</eObjectType>
<szObjectValue_0>CY2_HOME_DIRECTORY</szObjectValue_0>
<szObjectValue_1></szObjectValue_1>
<szObjectValue_2></szObjectValue_2>
<szObjectValue_3></szObjectValue_3>
<bExecute>0</bExecute>
<eUpgradeAction>0</eUpgradeAction>
<bTakeAction>1</bTakeAction></row>
<row>
<eObjectType>2</eObjectType>
<szObjectValue_0>CY2_IS_FOLDER</szObjectValue_0>
<szObjectValue_1></szObjectValue_1>
<szObjectValue_2></szObjectValue_2>
<szObjectValue_3></szObjectValue_3>
<bExecute>0</bExecute>
<eUpgradeAction>0</eUpgradeAction>
<bTakeAction>1</bTakeAction></row>
<row>
<eObjectType>2</eObjectType>
<szObjectValue_0>CY2_LAST_MODIFIED</szObjectValue_0>
<szObjectValue_1></szObjectValue_1>
<szObjectValue_2></szObjectValue_2>
<szObjectValue_3></szObjectValue_3>
<bExecute>0</bExecute>
<eUpgradeAction>0</eUpgradeAction>
<bTakeAction>1</bTakeAction></row>
<row>
<eObjectType>2</eObjectType>
<szObjectValue_0>CY2_MASS_DELETE</szObjectValue_0>
<szObjectValue_1></szObjectValue_1>
<szObjectValue_2></szObjectValue_2>
<szObjectValue_3></szObjectValue_3>
<bExecute>0</bExecute>
<eUpgradeAction>0</eUpgradeAction>
<bTakeAction>1</bTakeAction></row>
<row>
<eObjectType>2</eObjectType>
<szObjectValue_0>CY2_NBR_UPL_FILES</szObjectValue_0>
<szObjectValue_1></szObjectValue_1>
<szObjectValue_2></szObjectValue_2>
<szObjectValue_3></szObjectValue_3>
<bExecute>0</bExecute>
<eUpgradeAction>0</eUpgradeAction>
<bTakeAction>1</bTakeAction></row>
<row>
<eObjectType>2</eObjectType>
<szObjectValue_0>CY2_RESTRICTED</szObjectValue_0>
<szObjectValue_1></szObjectValue_1>
<szObjectValue_2></szObjectValue_2>
<szObjectValue_3></szObjectValue_3>
<bExecute>0</bExecute>
<eUpgradeAction>0</eUpgradeAction>
<bTakeAction>1</bTakeAction></row>
<row>
<eObjectType>2</eObjectType>
<szObjectValue_0>CY2_SORT_NAME</szObjectValue_0>
<szObjectValue_1></szObjectValue_1>
<szObjectValue_2></szObjectValue_2>
<szObjectValue_3></szObjectValue_3>
<bExecute>0</bExecute>
<eUpgradeAction>0</eUpgradeAction>
<bTakeAction>1</bTakeAction></row>
<row>
<eObjectType>2</eObjectType>
<szObjectValue_0>CY2_SORT_OPTIONS</szObjectValue_0>
<szObjectValue_1></szObjectValue_1>
<szObjectValue_2></szObjectValue_2>
<szObjectValue_3></szObjectValue_3>
<bExecute>0</bExecute>
<eUpgradeAction>0</eUpgradeAction>
<bTakeAction>1</bTakeAction></row>
<row>
<eObjectType>2</eObjectType>
<szObjectValue_0>CY2_TOP_DIRECTORY</szObjectValue_0>
<szObjectValue_1></szObjectValue_1>
<szObjectValue_2></szObjectValue_2>
<szObjectValue_3></szObjectValue_3>
<bExecute>0</bExecute>
<eUpgradeAction>0</eUpgradeAction>
<bTakeAction>1</bTakeAction></row>
<row>
<eObjectType>2</eObjectType>
<szObjectValue_0>CY2_UNHIDE</szObjectValue_0>
<szObjectValue_1></szObjectValue_1>
<szObjectValue_2></szObjectValue_2>
<szObjectValue_3></szObjectValue_3>
<bExecute>0</bExecute>
<eUpgradeAction>0</eUpgradeAction>
<bTakeAction>1</bTakeAction></row>
<row>
<eObjectType>2</eObjectType>
<szObjectValue_0>CY2_UPLD_CASCADE</szObjectValue_0>
<szObjectValue_1></szObjectValue_1>
<szObjectValue_2></szObjectValue_2>
<szObjectValue_3></szObjectValue_3>
<bExecute>0</bExecute>
<eUpgradeAction>0</eUpgradeAction>
<bTakeAction>1</bTakeAction></row>
<row>
<eObjectType>2</eObjectType>
<szObjectValue_0>CY2_UPLD_DIRECTORY</szObjectValue_0>
<szObjectValue_1></szObjectValue_1>
<szObjectValue_2></szObjectValue_2>
<szObjectValue_3></szObjectValue_3>
<bExecute>0</bExecute>
<eUpgradeAction>0</eUpgradeAction>
<bTakeAction>1</bTakeAction></row>
<row>
<eObjectType>2</eObjectType>
<szObjectValue_0>CY2_UPLOAD_FILE</szObjectValue_0>
<szObjectValue_1></szObjectValue_1>
<szObjectValue_2></szObjectValue_2>
<szObjectValue_3></szObjectValue_3>
<bExecute>0</bExecute>
<eUpgradeAction>0</eUpgradeAction>
<bTakeAction>1</bTakeAction></row>
<row>
<eObjectType>2</eObjectType>
<szObjectValue_0>CY2_UP_BTN</szObjectValue_0>
<szObjectValue_1></szObjectValue_1>
<szObjectValue_2></szObjectValue_2>
<szObjectValue_3></szObjectValue_3>
<bExecute>0</bExecute>
<eUpgradeAction>0</eUpgradeAction>
<bTakeAction>1</bTakeAction></row>
<row>
<eObjectType>2</eObjectType>
<szObjectValue_0>CY2_VIEW_CASCADE</szObjectValue_0>
<szObjectValue_1></szObjectValue_1>
<szObjectValue_2></szObjectValue_2>
<szObjectValue_3></szObjectValue_3>
<bExecute>0</bExecute>
<eUpgradeAction>0</eUpgradeAction>
<bTakeAction>1</bTakeAction></row>
<row>
<eObjectType>2</eObjectType>
<szObjectValue_0>CY2_VIEW_DIRECTORY</szObjectValue_0>
<szObjectValue_1></szObjectValue_1>
<szObjectValue_2></szObjectValue_2>
<szObjectValue_3></szObjectValue_3>
<bExecute>0</bExecute>
<eUpgradeAction>0</eUpgradeAction>
<bTakeAction>1</bTakeAction></row>
<row>
<eObjectType>2</eObjectType>
<szObjectValue_0>CY2_VIEW_FILE</szObjectValue_0>
<szObjectValue_1></szObjectValue_1>
<szObjectValue_2></szObjectValue_2>
<szObjectValue_3></szObjectValue_3>
<bExecute>0</bExecute>
<eUpgradeAction>0</eUpgradeAction>
<bTakeAction>1</bTakeAction></row>
<row>
<eObjectType>2</eObjectType>
<szObjectValue_0>CY2_ZIP</szObjectValue_0>
<szObjectValue_1></szObjectValue_1>
<szObjectValue_2></szObjectValue_2>
<szObjectValue_3></szObjectValue_3>
<bExecute>0</bExecute>
<eUpgradeAction>0</eUpgradeAction>
<bTakeAction>1</bTakeAction></row>
<row>
<eObjectType>4</eObjectType>
<szObjectValue_0>CY2_AUD_ACTIONS</szObjectValue_0>
<szObjectValue_1>1</szObjectValue_1>
<szObjectValue_2>1901-01-01</szObjectValue_2>
<szObjectValue_3></szObjectValue_3>
<bExecute>0</bExecute>
<eUpgradeAction>0</eUpgradeAction>
<bTakeAction>1</bTakeAction></row>
<row>
<eObjectType>4</eObjectType>
<szObjectValue_0>CY2_AUD_ACTIONS</szObjectValue_0>
<szObjectValue_1>2</szObjectValue_1>
<szObjectValue_2>1901-01-01</szObjectValue_2>
<szObjectValue_3></szObjectValue_3>
<bExecute>0</bExecute>
<eUpgradeAction>0</eUpgradeAction>
<bTakeAction>1</bTakeAction></row>
<row>
<eObjectType>4</eObjectType>
<szObjectValue_0>CY2_AUD_ACTIONS</szObjectValue_0>
<szObjectValue_1>3</szObjectValue_1>
<szObjectValue_2>1901-01-01</szObjectValue_2>
<szObjectValue_3></szObjectValue_3>
<bExecute>0</bExecute>
<eUpgradeAction>0</eUpgradeAction>
<bTakeAction>1</bTakeAction></row>
<row>
<eObjectType>4</eObjectType>
<szObjectValue_0>CY2_CHECK_FILE_VAL</szObjectValue_0>
<szObjectValue_1>1</szObjectValue_1>
<szObjectValue_2>1901-01-01</szObjectValue_2>
<szObjectValue_3></szObjectValue_3>
<bExecute>0</bExecute>
<eUpgradeAction>0</eUpgradeAction>
<bTakeAction>1</bTakeAction></row>
<row>
<eObjectType>4</eObjectType>
<szObjectValue_0>CY2_CHECK_FILE_VAL</szObjectValue_0>
<szObjectValue_1>2</szObjectValue_1>
<szObjectValue_2>1901-01-01</szObjectValue_2>
<szObjectValue_3></szObjectValue_3>
<bExecute>0</bExecute>
<eUpgradeAction>0</eUpgradeAction>
<bTakeAction>1</bTakeAction></row>
<row>
<eObjectType>4</eObjectType>
<szObjectValue_0>CY2_CHECK_FILE_VAL</szObjectValue_0>
<szObjectValue_1>3</szObjectValue_1>
<szObjectValue_2>1901-01-01</szObjectValue_2>
<szObjectValue_3></szObjectValue_3>
<bExecute>0</bExecute>
<eUpgradeAction>0</eUpgradeAction>
<bTakeAction>1</bTakeAction></row>
<row>
<eObjectType>4</eObjectType>
<szObjectValue_0>CY2_CHECK_FILE_VAL</szObjectValue_0>
<szObjectValue_1>4</szObjectValue_1>
<szObjectValue_2>1901-01-01</szObjectValue_2>
<szObjectValue_3></szObjectValue_3>
<bExecute>0</bExecute>
<eUpgradeAction>0</eUpgradeAction>
<bTakeAction>1</bTakeAction></row>
<row>
<eObjectType>4</eObjectType>
<szObjectValue_0>CY2_DIR_FILE_ACTNS</szObjectValue_0>
<szObjectValue_1>1</szObjectValue_1>
<szObjectValue_2>1901-01-01</szObjectValue_2>
<szObjectValue_3></szObjectValue_3>
<bExecute>0</bExecute>
<eUpgradeAction>0</eUpgradeAction>
<bTakeAction>1</bTakeAction></row>
<row>
<eObjectType>4</eObjectType>
<szObjectValue_0>CY2_DIR_FILE_ACTNS</szObjectValue_0>
<szObjectValue_1>2</szObjectValue_1>
<szObjectValue_2>1901-01-01</szObjectValue_2>
<szObjectValue_3></szObjectValue_3>
<bExecute>0</bExecute>
<eUpgradeAction>0</eUpgradeAction>
<bTakeAction>1</bTakeAction></row>
<row>
<eObjectType>4</eObjectType>
<szObjectValue_0>CY2_DIR_FILE_ACTNS</szObjectValue_0>
<szObjectValue_1>3</szObjectValue_1>
<szObjectValue_2>1901-01-01</szObjectValue_2>
<szObjectValue_3></szObjectValue_3>
<bExecute>0</bExecute>
<eUpgradeAction>0</eUpgradeAction>
<bTakeAction>1</bTakeAction></row>
<row>
<eObjectType>4</eObjectType>
<szObjectValue_0>CY2_DIR_FILE_ACTNS</szObjectValue_0>
<szObjectValue_1>4</szObjectValue_1>
<szObjectValue_2>1901-01-01</szObjectValue_2>
<szObjectValue_3></szObjectValue_3>
<bExecute>0</bExecute>
<eUpgradeAction>0</eUpgradeAction>
<bTakeAction>1</bTakeAction></row>
<row>
<eObjectType>4</eObjectType>
<szObjectValue_0>CY2_DIR_FILE_ACTNS</szObjectValue_0>
<szObjectValue_1>5</szObjectValue_1>
<szObjectValue_2>1901-01-01</szObjectValue_2>
<szObjectValue_3></szObjectValue_3>
<bExecute>0</bExecute>
<eUpgradeAction>0</eUpgradeAction>
<bTakeAction>1</bTakeAction></row>
<row>
<eObjectType>4</eObjectType>
<szObjectValue_0>CY2_SORT_OPTIONS</szObjectValue_0>
<szObjectValue_1>1</szObjectValue_1>
<szObjectValue_2>1901-01-01</szObjectValue_2>
<szObjectValue_3></szObjectValue_3>
<bExecute>0</bExecute>
<eUpgradeAction>0</eUpgradeAction>
<bTakeAction>1</bTakeAction></row>
<row>
<eObjectType>4</eObjectType>
<szObjectValue_0>CY2_SORT_OPTIONS</szObjectValue_0>
<szObjectValue_1>2</szObjectValue_1>
<szObjectValue_2>1901-01-01</szObjectValue_2>
<szObjectValue_3></szObjectValue_3>
<bExecute>0</bExecute>
<eUpgradeAction>0</eUpgradeAction>
<bTakeAction>1</bTakeAction></row>
<row>
<eObjectType>4</eObjectType>
<szObjectValue_0>CY2_SORT_OPTIONS</szObjectValue_0>
<szObjectValue_1>3</szObjectValue_1>
<szObjectValue_2>1901-01-01</szObjectValue_2>
<szObjectValue_3></szObjectValue_3>
<bExecute>0</bExecute>
<eUpgradeAction>0</eUpgradeAction>
<bTakeAction>1</bTakeAction></row>
<row>
<eObjectType>4</eObjectType>
<szObjectValue_0>CY2_SORT_OPTIONS</szObjectValue_0>
<szObjectValue_1>4</szObjectValue_1>
<szObjectValue_2>1901-01-01</szObjectValue_2>
<szObjectValue_3></szObjectValue_3>
<bExecute>0</bExecute>
<eUpgradeAction>0</eUpgradeAction>
<bTakeAction>1</bTakeAction></row>
<row>
<eObjectType>4</eObjectType>
<szObjectValue_0>CY2_SORT_OPTIONS</szObjectValue_0>
<szObjectValue_1>5</szObjectValue_1>
<szObjectValue_2>1901-01-01</szObjectValue_2>
<szObjectValue_3></szObjectValue_3>
<bExecute>0</bExecute>
<eUpgradeAction>0</eUpgradeAction>
<bTakeAction>1</bTakeAction></row>
<row>
<eObjectType>4</eObjectType>
<szObjectValue_0>CY2_SORT_OPTIONS</szObjectValue_0>
<szObjectValue_1>6</szObjectValue_1>
<szObjectValue_2>1901-01-01</szObjectValue_2>
<szObjectValue_3></szObjectValue_3>
<bExecute>0</bExecute>
<eUpgradeAction>0</eUpgradeAction>
<bTakeAction>1</bTakeAction></row>
<row>
<eObjectType>4</eObjectType>
<szObjectValue_0>CY2_SORT_OPTIONS</szObjectValue_0>
<szObjectValue_1>7</szObjectValue_1>
<szObjectValue_2>1901-01-01</szObjectValue_2>
<szObjectValue_3></szObjectValue_3>
<bExecute>0</bExecute>
<eUpgradeAction>0</eUpgradeAction>
<bTakeAction>1</bTakeAction></row>
<row>
<eObjectType>4</eObjectType>
<szObjectValue_0>CY2_SORT_OPTIONS</szObjectValue_0>
<szObjectValue_1>8</szObjectValue_1>
<szObjectValue_2>1901-01-01</szObjectValue_2>
<szObjectValue_3></szObjectValue_3>
<bExecute>0</bExecute>
<eUpgradeAction>0</eUpgradeAction>
<bTakeAction>1</bTakeAction></row>
<row>
<eObjectType>5</eObjectType>
<szObjectValue_0>CY2_PSS_DIR_CD_SCF</szObjectValue_0>
<szObjectValue_1></szObjectValue_1>
<szObjectValue_2></szObjectValue_2>
<szObjectValue_3></szObjectValue_3>
<bExecute>0</bExecute>
<eUpgradeAction>0</eUpgradeAction>
<bTakeAction>1</bTakeAction></row>
<row>
<eObjectType>5</eObjectType>
<szObjectValue_0>CY2_PSS_DIR_CP_SCF</szObjectValue_0>
<szObjectValue_1></szObjectValue_1>
<szObjectValue_2></szObjectValue_2>
<szObjectValue_3></szObjectValue_3>
<bExecute>0</bExecute>
<eUpgradeAction>0</eUpgradeAction>
<bTakeAction>1</bTakeAction></row>
<row>
<eObjectType>5</eObjectType>
<szObjectValue_0>CY2_PSS_DIR_EXPLN</szObjectValue_0>
<szObjectValue_1></szObjectValue_1>
<szObjectValue_2></szObjectValue_2>
<szObjectValue_3></szObjectValue_3>
<bExecute>0</bExecute>
<eUpgradeAction>0</eUpgradeAction>
<bTakeAction>1</bTakeAction></row>
<row>
<eObjectType>5</eObjectType>
<szObjectValue_0>CY2_PSS_DIR_FR_SCF</szObjectValue_0>
<szObjectValue_1></szObjectValue_1>
<szObjectValue_2></szObjectValue_2>
<szObjectValue_3></szObjectValue_3>
<bExecute>0</bExecute>
<eUpgradeAction>0</eUpgradeAction>
<bTakeAction>1</bTakeAction></row>
<row>
<eObjectType>5</eObjectType>
<szObjectValue_0>CY2_PSS_DIR_GO_SCF</szObjectValue_0>
<szObjectValue_1></szObjectValue_1>
<szObjectValue_2></szObjectValue_2>
<szObjectValue_3></szObjectValue_3>
<bExecute>0</bExecute>
<eUpgradeAction>0</eUpgradeAction>
<bTakeAction>1</bTakeAction></row>
<row>
<eObjectType>5</eObjectType>
<szObjectValue_0>CY2_PSS_DIR_INSTAL</szObjectValue_0>
<szObjectValue_1></szObjectValue_1>
<szObjectValue_2></szObjectValue_2>
<szObjectValue_3></szObjectValue_3>
<bExecute>0</bExecute>
<eUpgradeAction>0</eUpgradeAction>
<bTakeAction>1</bTakeAction></row>
<row>
<eObjectType>5</eObjectType>
<szObjectValue_0>CY2_PSS_DIR_MS_SBF</szObjectValue_0>
<szObjectValue_1></szObjectValue_1>
<szObjectValue_2></szObjectValue_2>
<szObjectValue_3></szObjectValue_3>
<bExecute>0</bExecute>
<eUpgradeAction>0</eUpgradeAction>
<bTakeAction>1</bTakeAction></row>
<row>
<eObjectType>5</eObjectType>
<szObjectValue_0>CY2_PSS_DIR_PRF_FL</szObjectValue_0>
<szObjectValue_1></szObjectValue_1>
<szObjectValue_2></szObjectValue_2>
<szObjectValue_3></szObjectValue_3>
<bExecute>0</bExecute>
<eUpgradeAction>0</eUpgradeAction>
<bTakeAction>1</bTakeAction></row>
<row>
<eObjectType>5</eObjectType>
<szObjectValue_0>CY2_PSS_DIR_PRF_FT</szObjectValue_0>
<szObjectValue_1></szObjectValue_1>
<szObjectValue_2></szObjectValue_2>
<szObjectValue_3></szObjectValue_3>
<bExecute>0</bExecute>
<eUpgradeAction>0</eUpgradeAction>
<bTakeAction>1</bTakeAction></row>
<row>
<eObjectType>5</eObjectType>
<szObjectValue_0>CY2_PSS_DIR_PR_SBF</szObjectValue_0>
<szObjectValue_1></szObjectValue_1>
<szObjectValue_2></szObjectValue_2>
<szObjectValue_3></szObjectValue_3>
<bExecute>0</bExecute>
<eUpgradeAction>0</eUpgradeAction>
<bTakeAction>1</bTakeAction></row>
<row>
<eObjectType>5</eObjectType>
<szObjectValue_0>CY2_PSS_DIR_SETUP</szObjectValue_0>
<szObjectValue_1></szObjectValue_1>
<szObjectValue_2></szObjectValue_2>
<szObjectValue_3></szObjectValue_3>
<bExecute>0</bExecute>
<eUpgradeAction>0</eUpgradeAction>
<bTakeAction>1</bTakeAction></row>
<row>
<eObjectType>5</eObjectType>
<szObjectValue_0>CY2_PSS_DIR_ST_SCF</szObjectValue_0>
<szObjectValue_1></szObjectValue_1>
<szObjectValue_2></szObjectValue_2>
<szObjectValue_3></szObjectValue_3>
<bExecute>0</bExecute>
<eUpgradeAction>0</eUpgradeAction>
<bTakeAction>1</bTakeAction></row>
<row>
<eObjectType>5</eObjectType>
<szObjectValue_0>CY2_PSS_DIR_VW_FL</szObjectValue_0>
<szObjectValue_1></szObjectValue_1>
<szObjectValue_2></szObjectValue_2>
<szObjectValue_3></szObjectValue_3>
<bExecute>0</bExecute>
<eUpgradeAction>0</eUpgradeAction>
<bTakeAction>1</bTakeAction></row>
<row>
<eObjectType>5</eObjectType>
<szObjectValue_0>CY2_PSS_DIR_VW_SBF</szObjectValue_0>
<szObjectValue_1></szObjectValue_1>
<szObjectValue_2></szObjectValue_2>
<szObjectValue_3></szObjectValue_3>
<bExecute>0</bExecute>
<eUpgradeAction>0</eUpgradeAction>
<bTakeAction>1</bTakeAction></row>
<row>
<eObjectType>5</eObjectType>
<szObjectValue_0>CY2_PSS_DIR_VW_SCF</szObjectValue_0>
<szObjectValue_1></szObjectValue_1>
<szObjectValue_2></szObjectValue_2>
<szObjectValue_3></szObjectValue_3>
<bExecute>0</bExecute>
<eUpgradeAction>0</eUpgradeAction>
<bTakeAction>1</bTakeAction></row>
<row>
<eObjectType>6</eObjectType>
<szObjectValue_0>CY2_PSS_DIR_MENU</szObjectValue_0>
<szObjectValue_1></szObjectValue_1>
<szObjectValue_2></szObjectValue_2>
<szObjectValue_3></szObjectValue_3>
<bExecute>0</bExecute>
<eUpgradeAction>0</eUpgradeAction>
<bTakeAction>1</bTakeAction></row>
<row>
<eObjectType>7</eObjectType>
<szObjectValue_0>CY2_PSS_DIR_INSTAL</szObjectValue_0>
<szObjectValue_1>GBL</szObjectValue_1>
<szObjectValue_2></szObjectValue_2>
<szObjectValue_3></szObjectValue_3>
<bExecute>0</bExecute>
<eUpgradeAction>0</eUpgradeAction>
<bTakeAction>1</bTakeAction></row>
<row>
<eObjectType>7</eObjectType>
<szObjectValue_0>CY2_PSS_DIR_PRF_FL</szObjectValue_0>
<szObjectValue_1>GBL</szObjectValue_1>
<szObjectValue_2></szObjectValue_2>
<szObjectValue_3></szObjectValue_3>
<bExecute>0</bExecute>
<eUpgradeAction>0</eUpgradeAction>
<bTakeAction>1</bTakeAction></row>
<row>
<eObjectType>7</eObjectType>
<szObjectValue_0>CY2_PSS_DIR_SETUP</szObjectValue_0>
<szObjectValue_1>GBL</szObjectValue_1>
<szObjectValue_2></szObjectValue_2>
<szObjectValue_3></szObjectValue_3>
<bExecute>0</bExecute>
<eUpgradeAction>0</eUpgradeAction>
<bTakeAction>1</bTakeAction></row>
<row>
<eObjectType>7</eObjectType>
<szObjectValue_0>CY2_PSS_DIR_VW_FL</szObjectValue_0>
<szObjectValue_1>GBL</szObjectValue_1>
<szObjectValue_2></szObjectValue_2>
<szObjectValue_3></szObjectValue_3>
<bExecute>0</bExecute>
<eUpgradeAction>0</eUpgradeAction>
<bTakeAction>1</bTakeAction></row>
<row>
<eObjectType>25</eObjectType>
<szObjectValue_0>25301</szObjectValue_0>
<szObjectValue_1>1</szObjectValue_1>
<szObjectValue_2>CY2 Directory Viewer</szObjectValue_2>
<szObjectValue_3></szObjectValue_3>
<bExecute>0</bExecute>
<eUpgradeAction>0</eUpgradeAction>
<bTakeAction>1</bTakeAction></row>
<row>
<eObjectType>25</eObjectType>
<szObjectValue_0>25301</szObjectValue_0>
<szObjectValue_1>10</szObjectValue_1>
<szObjectValue_2>CY2 Directory Viewer</szObjectValue_2>
<szObjectValue_3></szObjectValue_3>
<bExecute>0</bExecute>
<eUpgradeAction>0</eUpgradeAction>
<bTakeAction>1</bTakeAction></row>
<row>
<eObjectType>25</eObjectType>
<szObjectValue_0>25301</szObjectValue_0>
<szObjectValue_1>11</szObjectValue_1>
<szObjectValue_2>CY2 Directory Viewer</szObjectValue_2>
<szObjectValue_3></szObjectValue_3>
<bExecute>0</bExecute>
<eUpgradeAction>0</eUpgradeAction>
<bTakeAction>1</bTakeAction></row>
<row>
<eObjectType>25</eObjectType>
<szObjectValue_0>25301</szObjectValue_0>
<szObjectValue_1>12</szObjectValue_1>
<szObjectValue_2>CY2 Directory Viewer</szObjectValue_2>
<szObjectValue_3></szObjectValue_3>
<bExecute>0</bExecute>
<eUpgradeAction>0</eUpgradeAction>
<bTakeAction>1</bTakeAction></row>
<row>
<eObjectType>25</eObjectType>
<szObjectValue_0>25301</szObjectValue_0>
<szObjectValue_1>13</szObjectValue_1>
<szObjectValue_2>CY2 Directory Viewer</szObjectValue_2>
<szObjectValue_3></szObjectValue_3>
<bExecute>0</bExecute>
<eUpgradeAction>0</eUpgradeAction>
<bTakeAction>1</bTakeAction></row>
<row>
<eObjectType>25</eObjectType>
<szObjectValue_0>25301</szObjectValue_0>
<szObjectValue_1>14</szObjectValue_1>
<szObjectValue_2>CY2 Directory Viewer</szObjectValue_2>
<szObjectValue_3></szObjectValue_3>
<bExecute>0</bExecute>
<eUpgradeAction>0</eUpgradeAction>
<bTakeAction>1</bTakeAction></row>
<row>
<eObjectType>25</eObjectType>
<szObjectValue_0>25301</szObjectValue_0>
<szObjectValue_1>15</szObjectValue_1>
<szObjectValue_2>CY2 Directory Viewer</szObjectValue_2>
<szObjectValue_3></szObjectValue_3>
<bExecute>0</bExecute>
<eUpgradeAction>0</eUpgradeAction>
<bTakeAction>1</bTakeAction></row>
<row>
<eObjectType>25</eObjectType>
<szObjectValue_0>25301</szObjectValue_0>
<szObjectValue_1>16</szObjectValue_1>
<szObjectValue_2>CY2 Directory Viewer</szObjectValue_2>
<szObjectValue_3></szObjectValue_3>
<bExecute>0</bExecute>
<eUpgradeAction>0</eUpgradeAction>
<bTakeAction>1</bTakeAction></row>
<row>
<eObjectType>25</eObjectType>
<szObjectValue_0>25301</szObjectValue_0>
<szObjectValue_1>17</szObjectValue_1>
<szObjectValue_2>CY2 Directory Viewer</szObjectValue_2>
<szObjectValue_3></szObjectValue_3>
<bExecute>0</bExecute>
<eUpgradeAction>0</eUpgradeAction>
<bTakeAction>1</bTakeAction></row>
<row>
<eObjectType>25</eObjectType>
<szObjectValue_0>25301</szObjectValue_0>
<szObjectValue_1>18</szObjectValue_1>
<szObjectValue_2>CY2 Directory Viewer</szObjectValue_2>
<szObjectValue_3></szObjectValue_3>
<bExecute>0</bExecute>
<eUpgradeAction>0</eUpgradeAction>
<bTakeAction>1</bTakeAction></row>
<row>
<eObjectType>25</eObjectType>
<szObjectValue_0>25301</szObjectValue_0>
<szObjectValue_1>19</szObjectValue_1>
<szObjectValue_2>CY2 Directory Viewer</szObjectValue_2>
<szObjectValue_3></szObjectValue_3>
<bExecute>0</bExecute>
<eUpgradeAction>0</eUpgradeAction>
<bTakeAction>1</bTakeAction></row>
<row>
<eObjectType>25</eObjectType>
<szObjectValue_0>25301</szObjectValue_0>
<szObjectValue_1>2</szObjectValue_1>
<szObjectValue_2>CY2 Directory Viewer</szObjectValue_2>
<szObjectValue_3></szObjectValue_3>
<bExecute>0</bExecute>
<eUpgradeAction>0</eUpgradeAction>
<bTakeAction>1</bTakeAction></row>
<row>
<eObjectType>25</eObjectType>
<szObjectValue_0>25301</szObjectValue_0>
<szObjectValue_1>20</szObjectValue_1>
<szObjectValue_2>CY2 Directory Viewer</szObjectValue_2>
<szObjectValue_3></szObjectValue_3>
<bExecute>0</bExecute>
<eUpgradeAction>0</eUpgradeAction>
<bTakeAction>1</bTakeAction></row>
<row>
<eObjectType>25</eObjectType>
<szObjectValue_0>25301</szObjectValue_0>
<szObjectValue_1>21</szObjectValue_1>
<szObjectValue_2>CY2 Directory Viewer</szObjectValue_2>
<szObjectValue_3></szObjectValue_3>
<bExecute>0</bExecute>
<eUpgradeAction>0</eUpgradeAction>
<bTakeAction>1</bTakeAction></row>
<row>
<eObjectType>25</eObjectType>
<szObjectValue_0>25301</szObjectValue_0>
<szObjectValue_1>22</szObjectValue_1>
<szObjectValue_2>CY2 Directory Viewer</szObjectValue_2>
<szObjectValue_3></szObjectValue_3>
<bExecute>0</bExecute>
<eUpgradeAction>0</eUpgradeAction>
<bTakeAction>1</bTakeAction></row>
<row>
<eObjectType>25</eObjectType>
<szObjectValue_0>25301</szObjectValue_0>
<szObjectValue_1>23</szObjectValue_1>
<szObjectValue_2>CY2 Directory Viewer</szObjectValue_2>
<szObjectValue_3></szObjectValue_3>
<bExecute>0</bExecute>
<eUpgradeAction>0</eUpgradeAction>
<bTakeAction>1</bTakeAction></row>
<row>
<eObjectType>25</eObjectType>
<szObjectValue_0>25301</szObjectValue_0>
<szObjectValue_1>24</szObjectValue_1>
<szObjectValue_2>CY2 Directory Viewer</szObjectValue_2>
<szObjectValue_3></szObjectValue_3>
<bExecute>0</bExecute>
<eUpgradeAction>0</eUpgradeAction>
<bTakeAction>1</bTakeAction></row>
<row>
<eObjectType>25</eObjectType>
<szObjectValue_0>25301</szObjectValue_0>
<szObjectValue_1>25</szObjectValue_1>
<szObjectValue_2>CY2 Directory Viewer</szObjectValue_2>
<szObjectValue_3></szObjectValue_3>
<bExecute>0</bExecute>
<eUpgradeAction>0</eUpgradeAction>
<bTakeAction>1</bTakeAction></row>
<row>
<eObjectType>25</eObjectType>
<szObjectValue_0>25301</szObjectValue_0>
<szObjectValue_1>26</szObjectValue_1>
<szObjectValue_2>CY2 Directory Viewer</szObjectValue_2>
<szObjectValue_3></szObjectValue_3>
<bExecute>0</bExecute>
<eUpgradeAction>0</eUpgradeAction>
<bTakeAction>1</bTakeAction></row>
<row>
<eObjectType>25</eObjectType>
<szObjectValue_0>25301</szObjectValue_0>
<szObjectValue_1>27</szObjectValue_1>
<szObjectValue_2>CY2 Directory Viewer</szObjectValue_2>
<szObjectValue_3></szObjectValue_3>
<bExecute>0</bExecute>
<eUpgradeAction>0</eUpgradeAction>
<bTakeAction>1</bTakeAction></row>
<row>
<eObjectType>25</eObjectType>
<szObjectValue_0>25301</szObjectValue_0>
<szObjectValue_1>28</szObjectValue_1>
<szObjectValue_2>CY2 Directory Viewer</szObjectValue_2>
<szObjectValue_3></szObjectValue_3>
<bExecute>0</bExecute>
<eUpgradeAction>0</eUpgradeAction>
<bTakeAction>1</bTakeAction></row>
<row>
<eObjectType>25</eObjectType>
<szObjectValue_0>25301</szObjectValue_0>
<szObjectValue_1>29</szObjectValue_1>
<szObjectValue_2>CY2 Directory Viewer</szObjectValue_2>
<szObjectValue_3></szObjectValue_3>
<bExecute>0</bExecute>
<eUpgradeAction>0</eUpgradeAction>
<bTakeAction>1</bTakeAction></row>
<row>
<eObjectType>25</eObjectType>
<szObjectValue_0>25301</szObjectValue_0>
<szObjectValue_1>3</szObjectValue_1>
<szObjectValue_2>CY2 Directory Viewer</szObjectValue_2>
<szObjectValue_3></szObjectValue_3>
<bExecute>0</bExecute>
<eUpgradeAction>0</eUpgradeAction>
<bTakeAction>1</bTakeAction></row>
<row>
<eObjectType>25</eObjectType>
<szObjectValue_0>25301</szObjectValue_0>
<szObjectValue_1>30</szObjectValue_1>
<szObjectValue_2>CY2 Directory Viewer</szObjectValue_2>
<szObjectValue_3></szObjectValue_3>
<bExecute>0</bExecute>
<eUpgradeAction>0</eUpgradeAction>
<bTakeAction>1</bTakeAction></row>
<row>
<eObjectType>25</eObjectType>
<szObjectValue_0>25301</szObjectValue_0>
<szObjectValue_1>31</szObjectValue_1>
<szObjectValue_2>CY2 Directory Viewer</szObjectValue_2>
<szObjectValue_3></szObjectValue_3>
<bExecute>0</bExecute>
<eUpgradeAction>0</eUpgradeAction>
<bTakeAction>1</bTakeAction></row>
<row>
<eObjectType>25</eObjectType>
<szObjectValue_0>25301</szObjectValue_0>
<szObjectValue_1>32</szObjectValue_1>
<szObjectValue_2>CY2 Directory Viewer</szObjectValue_2>
<szObjectValue_3></szObjectValue_3>
<bExecute>0</bExecute>
<eUpgradeAction>0</eUpgradeAction>
<bTakeAction>1</bTakeAction></row>
<row>
<eObjectType>25</eObjectType>
<szObjectValue_0>25301</szObjectValue_0>
<szObjectValue_1>33</szObjectValue_1>
<szObjectValue_2>CY2 Directory Viewer</szObjectValue_2>
<szObjectValue_3></szObjectValue_3>
<bExecute>0</bExecute>
<eUpgradeAction>0</eUpgradeAction>
<bTakeAction>1</bTakeAction></row>
<row>
<eObjectType>25</eObjectType>
<szObjectValue_0>25301</szObjectValue_0>
<szObjectValue_1>34</szObjectValue_1>
<szObjectValue_2>CY2 Directory Viewer</szObjectValue_2>
<szObjectValue_3></szObjectValue_3>
<bExecute>0</bExecute>
<eUpgradeAction>0</eUpgradeAction>
<bTakeAction>1</bTakeAction></row>
<row>
<eObjectType>25</eObjectType>
<szObjectValue_0>25301</szObjectValue_0>
<szObjectValue_1>35</szObjectValue_1>
<szObjectValue_2>CY2 Directory Viewer</szObjectValue_2>
<szObjectValue_3></szObjectValue_3>
<bExecute>0</bExecute>
<eUpgradeAction>0</eUpgradeAction>
<bTakeAction>1</bTakeAction></row>
<row>
<eObjectType>25</eObjectType>
<szObjectValue_0>25301</szObjectValue_0>
<szObjectValue_1>36</szObjectValue_1>
<szObjectValue_2>CY2 Directory Viewer</szObjectValue_2>
<szObjectValue_3></szObjectValue_3>
<bExecute>0</bExecute>
<eUpgradeAction>0</eUpgradeAction>
<bTakeAction>1</bTakeAction></row>
<row>
<eObjectType>25</eObjectType>
<szObjectValue_0>25301</szObjectValue_0>
<szObjectValue_1>37</szObjectValue_1>
<szObjectValue_2>CY2 Directory Viewer</szObjectValue_2>
<szObjectValue_3></szObjectValue_3>
<bExecute>0</bExecute>
<eUpgradeAction>0</eUpgradeAction>
<bTakeAction>1</bTakeAction></row>
<row>
<eObjectType>25</eObjectType>
<szObjectValue_0>25301</szObjectValue_0>
<szObjectValue_1>38</szObjectValue_1>
<szObjectValue_2>CY2 Directory Viewer</szObjectValue_2>
<szObjectValue_3></szObjectValue_3>
<bExecute>0</bExecute>
<eUpgradeAction>0</eUpgradeAction>
<bTakeAction>1</bTakeAction></row>
<row>
<eObjectType>25</eObjectType>
<szObjectValue_0>25301</szObjectValue_0>
<szObjectValue_1>39</szObjectValue_1>
<szObjectValue_2>CY2 Directory Viewer</szObjectValue_2>
<szObjectValue_3></szObjectValue_3>
<bExecute>0</bExecute>
<eUpgradeAction>0</eUpgradeAction>
<bTakeAction>1</bTakeAction></row>
<row>
<eObjectType>25</eObjectType>
<szObjectValue_0>25301</szObjectValue_0>
<szObjectValue_1>4</szObjectValue_1>
<szObjectValue_2>CY2 Directory Viewer</szObjectValue_2>
<szObjectValue_3></szObjectValue_3>
<bExecute>0</bExecute>
<eUpgradeAction>0</eUpgradeAction>
<bTakeAction>1</bTakeAction></row>
<row>
<eObjectType>25</eObjectType>
<szObjectValue_0>25301</szObjectValue_0>
<szObjectValue_1>40</szObjectValue_1>
<szObjectValue_2>CY2 Directory Viewer</szObjectValue_2>
<szObjectValue_3></szObjectValue_3>
<bExecute>0</bExecute>
<eUpgradeAction>0</eUpgradeAction>
<bTakeAction>1</bTakeAction></row>
<row>
<eObjectType>25</eObjectType>
<szObjectValue_0>25301</szObjectValue_0>
<szObjectValue_1>41</szObjectValue_1>
<szObjectValue_2>CY2 Directory Viewer</szObjectValue_2>
<szObjectValue_3></szObjectValue_3>
<bExecute>0</bExecute>
<eUpgradeAction>0</eUpgradeAction>
<bTakeAction>1</bTakeAction></row>
<row>
<eObjectType>25</eObjectType>
<szObjectValue_0>25301</szObjectValue_0>
<szObjectValue_1>42</szObjectValue_1>
<szObjectValue_2>CY2 Directory Viewer</szObjectValue_2>
<szObjectValue_3></szObjectValue_3>
<bExecute>0</bExecute>
<eUpgradeAction>0</eUpgradeAction>
<bTakeAction>1</bTakeAction></row>
<row>
<eObjectType>25</eObjectType>
<szObjectValue_0>25301</szObjectValue_0>
<szObjectValue_1>43</szObjectValue_1>
<szObjectValue_2>CY2 Directory Viewer</szObjectValue_2>
<szObjectValue_3></szObjectValue_3>
<bExecute>0</bExecute>
<eUpgradeAction>0</eUpgradeAction>
<bTakeAction>1</bTakeAction></row>
<row>
<eObjectType>25</eObjectType>
<szObjectValue_0>25301</szObjectValue_0>
<szObjectValue_1>44</szObjectValue_1>
<szObjectValue_2>CY2 Directory Viewer</szObjectValue_2>
<szObjectValue_3></szObjectValue_3>
<bExecute>0</bExecute>
<eUpgradeAction>0</eUpgradeAction>
<bTakeAction>1</bTakeAction></row>
<row>
<eObjectType>25</eObjectType>
<szObjectValue_0>25301</szObjectValue_0>
<szObjectValue_1>45</szObjectValue_1>
<szObjectValue_2>CY2 Directory Viewer</szObjectValue_2>
<szObjectValue_3></szObjectValue_3>
<bExecute>0</bExecute>
<eUpgradeAction>0</eUpgradeAction>
<bTakeAction>1</bTakeAction></row>
<row>
<eObjectType>25</eObjectType>
<szObjectValue_0>25301</szObjectValue_0>
<szObjectValue_1>46</szObjectValue_1>
<szObjectValue_2>CY2 Directory Viewer</szObjectValue_2>
<szObjectValue_3></szObjectValue_3>
<bExecute>0</bExecute>
<eUpgradeAction>0</eUpgradeAction>
<bTakeAction>1</bTakeAction></row>
<row>
<eObjectType>25</eObjectType>
<szObjectValue_0>25301</szObjectValue_0>
<szObjectValue_1>47</szObjectValue_1>
<szObjectValue_2>CY2 Directory Viewer</szObjectValue_2>
<szObjectValue_3></szObjectValue_3>
<bExecute>0</bExecute>
<eUpgradeAction>0</eUpgradeAction>
<bTakeAction>1</bTakeAction></row>
<row>
<eObjectType>25</eObjectType>
<szObjectValue_0>25301</szObjectValue_0>
<szObjectValue_1>48</szObjectValue_1>
<szObjectValue_2>CY2 Directory Viewer</szObjectValue_2>
<szObjectValue_3></szObjectValue_3>
<bExecute>0</bExecute>
<eUpgradeAction>0</eUpgradeAction>
<bTakeAction>1</bTakeAction></row>
<row>
<eObjectType>25</eObjectType>
<szObjectValue_0>25301</szObjectValue_0>
<szObjectValue_1>49</szObjectValue_1>
<szObjectValue_2>CY2 Directory Viewer</szObjectValue_2>
<szObjectValue_3></szObjectValue_3>
<bExecute>0</bExecute>
<eUpgradeAction>0</eUpgradeAction>
<bTakeAction>1</bTakeAction></row>
<row>
<eObjectType>25</eObjectType>
<szObjectValue_0>25301</szObjectValue_0>
<szObjectValue_1>5</szObjectValue_1>
<szObjectValue_2>CY2 Directory Viewer</szObjectValue_2>
<szObjectValue_3></szObjectValue_3>
<bExecute>0</bExecute>
<eUpgradeAction>0</eUpgradeAction>
<bTakeAction>1</bTakeAction></row>
<row>
<eObjectType>25</eObjectType>
<szObjectValue_0>25301</szObjectValue_0>
<szObjectValue_1>50</szObjectValue_1>
<szObjectValue_2>CY2 Directory Viewer</szObjectValue_2>
<szObjectValue_3></szObjectValue_3>
<bExecute>0</bExecute>
<eUpgradeAction>0</eUpgradeAction>
<bTakeAction>1</bTakeAction></row>
<row>
<eObjectType>25</eObjectType>
<szObjectValue_0>25301</szObjectValue_0>
<szObjectValue_1>51</szObjectValue_1>
<szObjectValue_2></szObjectValue_2>
<szObjectValue_3></szObjectValue_3>
<bExecute>0</bExecute>
<eUpgradeAction>0</eUpgradeAction>
<bTakeAction>1</bTakeAction></row>
<row>
<eObjectType>25</eObjectType>
<szObjectValue_0>25301</szObjectValue_0>
<szObjectValue_1>52</szObjectValue_1>
<szObjectValue_2></szObjectValue_2>
<szObjectValue_3></szObjectValue_3>
<bExecute>0</bExecute>
<eUpgradeAction>0</eUpgradeAction>
<bTakeAction>1</bTakeAction></row>
<row>
<eObjectType>25</eObjectType>
<szObjectValue_0>25301</szObjectValue_0>
<szObjectValue_1>53</szObjectValue_1>
<szObjectValue_2></szObjectValue_2>
<szObjectValue_3></szObjectValue_3>
<bExecute>0</bExecute>
<eUpgradeAction>0</eUpgradeAction>
<bTakeAction>1</bTakeAction></row>
<row>
<eObjectType>25</eObjectType>
<szObjectValue_0>25301</szObjectValue_0>
<szObjectValue_1>54</szObjectValue_1>
<szObjectValue_2></szObjectValue_2>
<szObjectValue_3></szObjectValue_3>
<bExecute>0</bExecute>
<eUpgradeAction>0</eUpgradeAction>
<bTakeAction>1</bTakeAction></row>
<row>
<eObjectType>25</eObjectType>
<szObjectValue_0>25301</szObjectValue_0>
<szObjectValue_1>55</szObjectValue_1>
<szObjectValue_2></szObjectValue_2>
<szObjectValue_3></szObjectValue_3>
<bExecute>0</bExecute>
<eUpgradeAction>0</eUpgradeAction>
<bTakeAction>1</bTakeAction></row>
<row>
<eObjectType>25</eObjectType>
<szObjectValue_0>25301</szObjectValue_0>
<szObjectValue_1>56</szObjectValue_1>
<szObjectValue_2></szObjectValue_2>
<szObjectValue_3></szObjectValue_3>
<bExecute>0</bExecute>
<eUpgradeAction>0</eUpgradeAction>
<bTakeAction>1</bTakeAction></row>
<row>
<eObjectType>25</eObjectType>
<szObjectValue_0>25301</szObjectValue_0>
<szObjectValue_1>57</szObjectValue_1>
<szObjectValue_2></szObjectValue_2>
<szObjectValue_3></szObjectValue_3>
<bExecute>0</bExecute>
<eUpgradeAction>0</eUpgradeAction>
<bTakeAction>1</bTakeAction></row>
<row>
<eObjectType>25</eObjectType>
<szObjectValue_0>25301</szObjectValue_0>
<szObjectValue_1>58</szObjectValue_1>
<szObjectValue_2></szObjectValue_2>
<szObjectValue_3></szObjectValue_3>
<bExecute>0</bExecute>
<eUpgradeAction>0</eUpgradeAction>
<bTakeAction>1</bTakeAction></row>
<row>
<eObjectType>25</eObjectType>
<szObjectValue_0>25301</szObjectValue_0>
<szObjectValue_1>59</szObjectValue_1>
<szObjectValue_2></szObjectValue_2>
<szObjectValue_3></szObjectValue_3>
<bExecute>0</bExecute>
<eUpgradeAction>0</eUpgradeAction>
<bTakeAction>1</bTakeAction></row>
<row>
<eObjectType>25</eObjectType>
<szObjectValue_0>25301</szObjectValue_0>
<szObjectValue_1>6</szObjectValue_1>
<szObjectValue_2>CY2 Directory Viewer</szObjectValue_2>
<szObjectValue_3></szObjectValue_3>
<bExecute>0</bExecute>
<eUpgradeAction>0</eUpgradeAction>
<bTakeAction>1</bTakeAction></row>
<row>
<eObjectType>25</eObjectType>
<szObjectValue_0>25301</szObjectValue_0>
<szObjectValue_1>60</szObjectValue_1>
<szObjectValue_2></szObjectValue_2>
<szObjectValue_3></szObjectValue_3>
<bExecute>0</bExecute>
<eUpgradeAction>0</eUpgradeAction>
<bTakeAction>1</bTakeAction></row>
<row>
<eObjectType>25</eObjectType>
<szObjectValue_0>25301</szObjectValue_0>
<szObjectValue_1>61</szObjectValue_1>
<szObjectValue_2></szObjectValue_2>
<szObjectValue_3></szObjectValue_3>
<bExecute>0</bExecute>
<eUpgradeAction>0</eUpgradeAction>
<bTakeAction>1</bTakeAction></row>
<row>
<eObjectType>25</eObjectType>
<szObjectValue_0>25301</szObjectValue_0>
<szObjectValue_1>62</szObjectValue_1>
<szObjectValue_2></szObjectValue_2>
<szObjectValue_3></szObjectValue_3>
<bExecute>0</bExecute>
<eUpgradeAction>0</eUpgradeAction>
<bTakeAction>1</bTakeAction></row>
<row>
<eObjectType>25</eObjectType>
<szObjectValue_0>25301</szObjectValue_0>
<szObjectValue_1>63</szObjectValue_1>
<szObjectValue_2></szObjectValue_2>
<szObjectValue_3></szObjectValue_3>
<bExecute>0</bExecute>
<eUpgradeAction>0</eUpgradeAction>
<bTakeAction>1</bTakeAction></row>
<row>
<eObjectType>25</eObjectType>
<szObjectValue_0>25301</szObjectValue_0>
<szObjectValue_1>64</szObjectValue_1>
<szObjectValue_2></szObjectValue_2>
<szObjectValue_3></szObjectValue_3>
<bExecute>0</bExecute>
<eUpgradeAction>0</eUpgradeAction>
<bTakeAction>1</bTakeAction></row>
<row>
<eObjectType>25</eObjectType>
<szObjectValue_0>25301</szObjectValue_0>
<szObjectValue_1>65</szObjectValue_1>
<szObjectValue_2></szObjectValue_2>
<szObjectValue_3></szObjectValue_3>
<bExecute>0</bExecute>
<eUpgradeAction>0</eUpgradeAction>
<bTakeAction>1</bTakeAction></row>
<row>
<eObjectType>25</eObjectType>
<szObjectValue_0>25301</szObjectValue_0>
<szObjectValue_1>66</szObjectValue_1>
<szObjectValue_2></szObjectValue_2>
<szObjectValue_3></szObjectValue_3>
<bExecute>0</bExecute>
<eUpgradeAction>0</eUpgradeAction>
<bTakeAction>1</bTakeAction></row>
<row>
<eObjectType>25</eObjectType>
<szObjectValue_0>25301</szObjectValue_0>
<szObjectValue_1>67</szObjectValue_1>
<szObjectValue_2></szObjectValue_2>
<szObjectValue_3></szObjectValue_3>
<bExecute>0</bExecute>
<eUpgradeAction>0</eUpgradeAction>
<bTakeAction>1</bTakeAction></row>
<row>
<eObjectType>25</eObjectType>
<szObjectValue_0>25301</szObjectValue_0>
<szObjectValue_1>68</szObjectValue_1>
<szObjectValue_2></szObjectValue_2>
<szObjectValue_3></szObjectValue_3>
<bExecute>0</bExecute>
<eUpgradeAction>0</eUpgradeAction>
<bTakeAction>1</bTakeAction></row>
<row>
<eObjectType>25</eObjectType>
<szObjectValue_0>25301</szObjectValue_0>
<szObjectValue_1>69</szObjectValue_1>
<szObjectValue_2></szObjectValue_2>
<szObjectValue_3></szObjectValue_3>
<bExecute>0</bExecute>
<eUpgradeAction>0</eUpgradeAction>
<bTakeAction>1</bTakeAction></row>
<row>
<eObjectType>25</eObjectType>
<szObjectValue_0>25301</szObjectValue_0>
<szObjectValue_1>7</szObjectValue_1>
<szObjectValue_2>CY2 Directory Viewer</szObjectValue_2>
<szObjectValue_3></szObjectValue_3>
<bExecute>0</bExecute>
<eUpgradeAction>0</eUpgradeAction>
<bTakeAction>1</bTakeAction></row>
<row>
<eObjectType>25</eObjectType>
<szObjectValue_0>25301</szObjectValue_0>
<szObjectValue_1>70</szObjectValue_1>
<szObjectValue_2></szObjectValue_2>
<szObjectValue_3></szObjectValue_3>
<bExecute>0</bExecute>
<eUpgradeAction>0</eUpgradeAction>
<bTakeAction>1</bTakeAction></row>
<row>
<eObjectType>25</eObjectType>
<szObjectValue_0>25301</szObjectValue_0>
<szObjectValue_1>71</szObjectValue_1>
<szObjectValue_2></szObjectValue_2>
<szObjectValue_3></szObjectValue_3>
<bExecute>0</bExecute>
<eUpgradeAction>0</eUpgradeAction>
<bTakeAction>1</bTakeAction></row>
<row>
<eObjectType>25</eObjectType>
<szObjectValue_0>25301</szObjectValue_0>
<szObjectValue_1>72</szObjectValue_1>
<szObjectValue_2></szObjectValue_2>
<szObjectValue_3></szObjectValue_3>
<bExecute>0</bExecute>
<eUpgradeAction>0</eUpgradeAction>
<bTakeAction>1</bTakeAction></row>
<row>
<eObjectType>25</eObjectType>
<szObjectValue_0>25301</szObjectValue_0>
<szObjectValue_1>73</szObjectValue_1>
<szObjectValue_2></szObjectValue_2>
<szObjectValue_3></szObjectValue_3>
<bExecute>0</bExecute>
<eUpgradeAction>0</eUpgradeAction>
<bTakeAction>1</bTakeAction></row>
<row>
<eObjectType>25</eObjectType>
<szObjectValue_0>25301</szObjectValue_0>
<szObjectValue_1>74</szObjectValue_1>
<szObjectValue_2></szObjectValue_2>
<szObjectValue_3></szObjectValue_3>
<bExecute>0</bExecute>
<eUpgradeAction>0</eUpgradeAction>
<bTakeAction>1</bTakeAction></row>
<row>
<eObjectType>25</eObjectType>
<szObjectValue_0>25301</szObjectValue_0>
<szObjectValue_1>75</szObjectValue_1>
<szObjectValue_2></szObjectValue_2>
<szObjectValue_3></szObjectValue_3>
<bExecute>0</bExecute>
<eUpgradeAction>0</eUpgradeAction>
<bTakeAction>1</bTakeAction></row>
<row>
<eObjectType>25</eObjectType>
<szObjectValue_0>25301</szObjectValue_0>
<szObjectValue_1>76</szObjectValue_1>
<szObjectValue_2></szObjectValue_2>
<szObjectValue_3></szObjectValue_3>
<bExecute>0</bExecute>
<eUpgradeAction>0</eUpgradeAction>
<bTakeAction>1</bTakeAction></row>
<row>
<eObjectType>25</eObjectType>
<szObjectValue_0>25301</szObjectValue_0>
<szObjectValue_1>77</szObjectValue_1>
<szObjectValue_2></szObjectValue_2>
<szObjectValue_3></szObjectValue_3>
<bExecute>0</bExecute>
<eUpgradeAction>0</eUpgradeAction>
<bTakeAction>1</bTakeAction></row>
<row>
<eObjectType>25</eObjectType>
<szObjectValue_0>25301</szObjectValue_0>
<szObjectValue_1>78</szObjectValue_1>
<szObjectValue_2></szObjectValue_2>
<szObjectValue_3></szObjectValue_3>
<bExecute>0</bExecute>
<eUpgradeAction>0</eUpgradeAction>
<bTakeAction>1</bTakeAction></row>
<row>
<eObjectType>25</eObjectType>
<szObjectValue_0>25301</szObjectValue_0>
<szObjectValue_1>79</szObjectValue_1>
<szObjectValue_2></szObjectValue_2>
<szObjectValue_3></szObjectValue_3>
<bExecute>0</bExecute>
<eUpgradeAction>0</eUpgradeAction>
<bTakeAction>1</bTakeAction></row>
<row>
<eObjectType>25</eObjectType>
<szObjectValue_0>25301</szObjectValue_0>
<szObjectValue_1>8</szObjectValue_1>
<szObjectValue_2>CY2 Directory Viewer</szObjectValue_2>
<szObjectValue_3></szObjectValue_3>
<bExecute>0</bExecute>
<eUpgradeAction>0</eUpgradeAction>
<bTakeAction>1</bTakeAction></row>
<row>
<eObjectType>25</eObjectType>
<szObjectValue_0>25301</szObjectValue_0>
<szObjectValue_1>80</szObjectValue_1>
<szObjectValue_2></szObjectValue_2>
<szObjectValue_3></szObjectValue_3>
<bExecute>0</bExecute>
<eUpgradeAction>0</eUpgradeAction>
<bTakeAction>1</bTakeAction></row>
<row>
<eObjectType>25</eObjectType>
<szObjectValue_0>25301</szObjectValue_0>
<szObjectValue_1>81</szObjectValue_1>
<szObjectValue_2></szObjectValue_2>
<szObjectValue_3></szObjectValue_3>
<bExecute>0</bExecute>
<eUpgradeAction>0</eUpgradeAction>
<bTakeAction>1</bTakeAction></row>
<row>
<eObjectType>25</eObjectType>
<szObjectValue_0>25301</szObjectValue_0>
<szObjectValue_1>82</szObjectValue_1>
<szObjectValue_2></szObjectValue_2>
<szObjectValue_3></szObjectValue_3>
<bExecute>0</bExecute>
<eUpgradeAction>0</eUpgradeAction>
<bTakeAction>1</bTakeAction></row>
<row>
<eObjectType>25</eObjectType>
<szObjectValue_0>25301</szObjectValue_0>
<szObjectValue_1>83</szObjectValue_1>
<szObjectValue_2></szObjectValue_2>
<szObjectValue_3></szObjectValue_3>
<bExecute>0</bExecute>
<eUpgradeAction>0</eUpgradeAction>
<bTakeAction>1</bTakeAction></row>
<row>
<eObjectType>25</eObjectType>
<szObjectValue_0>25301</szObjectValue_0>
<szObjectValue_1>84</szObjectValue_1>
<szObjectValue_2></szObjectValue_2>
<szObjectValue_3></szObjectValue_3>
<bExecute>0</bExecute>
<eUpgradeAction>0</eUpgradeAction>
<bTakeAction>1</bTakeAction></row>
<row>
<eObjectType>25</eObjectType>
<szObjectValue_0>25301</szObjectValue_0>
<szObjectValue_1>85</szObjectValue_1>
<szObjectValue_2></szObjectValue_2>
<szObjectValue_3></szObjectValue_3>
<bExecute>0</bExecute>
<eUpgradeAction>0</eUpgradeAction>
<bTakeAction>1</bTakeAction></row>
<row>
<eObjectType>25</eObjectType>
<szObjectValue_0>25301</szObjectValue_0>
<szObjectValue_1>86</szObjectValue_1>
<szObjectValue_2></szObjectValue_2>
<szObjectValue_3></szObjectValue_3>
<bExecute>0</bExecute>
<eUpgradeAction>0</eUpgradeAction>
<bTakeAction>1</bTakeAction></row>
<row>
<eObjectType>25</eObjectType>
<szObjectValue_0>25301</szObjectValue_0>
<szObjectValue_1>87</szObjectValue_1>
<szObjectValue_2></szObjectValue_2>
<szObjectValue_3></szObjectValue_3>
<bExecute>0</bExecute>
<eUpgradeAction>0</eUpgradeAction>
<bTakeAction>1</bTakeAction></row>
<row>
<eObjectType>25</eObjectType>
<szObjectValue_0>25301</szObjectValue_0>
<szObjectValue_1>88</szObjectValue_1>
<szObjectValue_2></szObjectValue_2>
<szObjectValue_3></szObjectValue_3>
<bExecute>0</bExecute>
<eUpgradeAction>0</eUpgradeAction>
<bTakeAction>1</bTakeAction></row>
<row>
<eObjectType>25</eObjectType>
<szObjectValue_0>25301</szObjectValue_0>
<szObjectValue_1>89</szObjectValue_1>
<szObjectValue_2></szObjectValue_2>
<szObjectValue_3></szObjectValue_3>
<bExecute>0</bExecute>
<eUpgradeAction>0</eUpgradeAction>
<bTakeAction>1</bTakeAction></row>
<row>
<eObjectType>25</eObjectType>
<szObjectValue_0>25301</szObjectValue_0>
<szObjectValue_1>9</szObjectValue_1>
<szObjectValue_2>CY2 Directory Viewer</szObjectValue_2>
<szObjectValue_3></szObjectValue_3>
<bExecute>0</bExecute>
<eUpgradeAction>0</eUpgradeAction>
<bTakeAction>1</bTakeAction></row>
<row>
<eObjectType>25</eObjectType>
<szObjectValue_0>25301</szObjectValue_0>
<szObjectValue_1>90</szObjectValue_1>
<szObjectValue_2></szObjectValue_2>
<szObjectValue_3></szObjectValue_3>
<bExecute>0</bExecute>
<eUpgradeAction>0</eUpgradeAction>
<bTakeAction>1</bTakeAction></row>
<row>
<eObjectType>25</eObjectType>
<szObjectValue_0>25301</szObjectValue_0>
<szObjectValue_1>91</szObjectValue_1>
<szObjectValue_2></szObjectValue_2>
<szObjectValue_3></szObjectValue_3>
<bExecute>0</bExecute>
<eUpgradeAction>0</eUpgradeAction>
<bTakeAction>1</bTakeAction></row>
<row>
<eObjectType>25</eObjectType>
<szObjectValue_0>25301</szObjectValue_0>
<szObjectValue_1>92</szObjectValue_1>
<szObjectValue_2></szObjectValue_2>
<szObjectValue_3></szObjectValue_3>
<bExecute>0</bExecute>
<eUpgradeAction>0</eUpgradeAction>
<bTakeAction>1</bTakeAction></row>
<row>
<eObjectType>25</eObjectType>
<szObjectValue_0>25301</szObjectValue_0>
<szObjectValue_1>93</szObjectValue_1>
<szObjectValue_2></szObjectValue_2>
<szObjectValue_3></szObjectValue_3>
<bExecute>0</bExecute>
<eUpgradeAction>0</eUpgradeAction>
<bTakeAction>1</bTakeAction></row>
<row>
<eObjectType>25</eObjectType>
<szObjectValue_0>25301</szObjectValue_0>
<szObjectValue_1>94</szObjectValue_1>
<szObjectValue_2></szObjectValue_2>
<szObjectValue_3></szObjectValue_3>
<bExecute>0</bExecute>
<eUpgradeAction>0</eUpgradeAction>
<bTakeAction>1</bTakeAction></row>
<row>
<eObjectType>30</eObjectType>
<szObjectValue_0>CY2_PSS_ACT_VW</szObjectValue_0>
<szObjectValue_1>2</szObjectValue_1>
<szObjectValue_2></szObjectValue_2>
<szObjectValue_3></szObjectValue_3>
<bExecute>0</bExecute>
<eUpgradeAction>0</eUpgradeAction>
<bTakeAction>1</bTakeAction></row>
<row>
<eObjectType>30</eObjectType>
<szObjectValue_0>CY2_PSS_DIR_CPW</szObjectValue_0>
<szObjectValue_1>2</szObjectValue_1>
<szObjectValue_2></szObjectValue_2>
<szObjectValue_3></szObjectValue_3>
<bExecute>0</bExecute>
<eUpgradeAction>0</eUpgradeAction>
<bTakeAction>1</bTakeAction></row>
<row>
<eObjectType>30</eObjectType>
<szObjectValue_0>CY2_PSS_DIR_DEL_CLASSID</szObjectValue_0>
<szObjectValue_1>0</szObjectValue_1>
<szObjectValue_2></szObjectValue_2>
<szObjectValue_3></szObjectValue_3>
<bExecute>0</bExecute>
<eUpgradeAction>0</eUpgradeAction>
<bTakeAction>1</bTakeAction></row>
<row>
<eObjectType>30</eObjectType>
<szObjectValue_0>CY2_PSS_DIR_DPW</szObjectValue_0>
<szObjectValue_1>2</szObjectValue_1>
<szObjectValue_2></szObjectValue_2>
<szObjectValue_3></szObjectValue_3>
<bExecute>0</bExecute>
<eUpgradeAction>0</eUpgradeAction>
<bTakeAction>1</bTakeAction></row>
<row>
<eObjectType>30</eObjectType>
<szObjectValue_0>CY2_PSS_DIR_DVW</szObjectValue_0>
<szObjectValue_1>2</szObjectValue_1>
<szObjectValue_2></szObjectValue_2>
<szObjectValue_3></szObjectValue_3>
<bExecute>0</bExecute>
<eUpgradeAction>0</eUpgradeAction>
<bTakeAction>1</bTakeAction></row>
<row>
<eObjectType>30</eObjectType>
<szObjectValue_0>CY2_PSS_DIR_SEL_DIRECTORIES</szObjectValue_0>
<szObjectValue_1>0</szObjectValue_1>
<szObjectValue_2></szObjectValue_2>
<szObjectValue_3></szObjectValue_3>
<bExecute>0</bExecute>
<eUpgradeAction>0</eUpgradeAction>
<bTakeAction>1</bTakeAction></row>
<row>
<eObjectType>30</eObjectType>
<szObjectValue_0>CY2_PSS_DIR_SEL_DOMN_SERV_DEF</szObjectValue_0>
<szObjectValue_1>0</szObjectValue_1>
<szObjectValue_2></szObjectValue_2>
<szObjectValue_3></szObjectValue_3>
<bExecute>0</bExecute>
<eUpgradeAction>0</eUpgradeAction>
<bTakeAction>1</bTakeAction></row>
<row>
<eObjectType>30</eObjectType>
<szObjectValue_0>CY2_PSS_DIR_SEL_EXCEPTION_DIRS</szObjectValue_0>
<szObjectValue_1>0</szObjectValue_1>
<szObjectValue_2></szObjectValue_2>
<szObjectValue_3></szObjectValue_3>
<bExecute>0</bExecute>
<eUpgradeAction>0</eUpgradeAction>
<bTakeAction>1</bTakeAction></row>
<row>
<eObjectType>30</eObjectType>
<szObjectValue_0>CY2_PSS_DIR_SEL_EXC_DIR_VALUES</szObjectValue_0>
<szObjectValue_1>0</szObjectValue_1>
<szObjectValue_2></szObjectValue_2>
<szObjectValue_3></szObjectValue_3>
<bExecute>0</bExecute>
<eUpgradeAction>0</eUpgradeAction>
<bTakeAction>1</bTakeAction></row>
<row>
<eObjectType>30</eObjectType>
<szObjectValue_0>CY2_PSS_DIR_SEL_EXT_RESTRICT</szObjectValue_0>
<szObjectValue_1>0</szObjectValue_1>
<szObjectValue_2></szObjectValue_2>
<szObjectValue_3></szObjectValue_3>
<bExecute>0</bExecute>
<eUpgradeAction>0</eUpgradeAction>
<bTakeAction>1</bTakeAction></row>
<row>
<eObjectType>30</eObjectType>
<szObjectValue_0>CY2_PSS_DIR_SEL_SETUP_RECS</szObjectValue_0>
<szObjectValue_1>0</szObjectValue_1>
<szObjectValue_2></szObjectValue_2>
<szObjectValue_3></szObjectValue_3>
<bExecute>0</bExecute>
<eUpgradeAction>0</eUpgradeAction>
<bTakeAction>1</bTakeAction></row>
<row>
<eObjectType>30</eObjectType>
<szObjectValue_0>CY2_PSS_DIR_SEL_UNIQUE_SERVER</szObjectValue_0>
<szObjectValue_1>0</szObjectValue_1>
<szObjectValue_2></szObjectValue_2>
<szObjectValue_3></szObjectValue_3>
<bExecute>0</bExecute>
<eUpgradeAction>0</eUpgradeAction>
<bTakeAction>1</bTakeAction></row>
<row>
<eObjectType>30</eObjectType>
<szObjectValue_0>CY2_PSS_DIR_SPW</szObjectValue_0>
<szObjectValue_1>2</szObjectValue_1>
<szObjectValue_2></szObjectValue_2>
<szObjectValue_3></szObjectValue_3>
<bExecute>0</bExecute>
<eUpgradeAction>0</eUpgradeAction>
<bTakeAction>1</bTakeAction></row>
<row>
<eObjectType>30</eObjectType>
<szObjectValue_0>CY2_PSS_DIR_SVW</szObjectValue_0>
<szObjectValue_1>2</szObjectValue_1>
<szObjectValue_2></szObjectValue_2>
<szObjectValue_3></szObjectValue_3>
<bExecute>0</bExecute>
<eUpgradeAction>0</eUpgradeAction>
<bTakeAction>1</bTakeAction></row>
<row>
<eObjectType>30</eObjectType>
<szObjectValue_0>CY2_PSS_DIR_VW</szObjectValue_0>
<szObjectValue_1>2</szObjectValue_1>
<szObjectValue_2></szObjectValue_2>
<szObjectValue_3></szObjectValue_3>
<bExecute>0</bExecute>
<eUpgradeAction>0</eUpgradeAction>
<bTakeAction>1</bTakeAction></row>
<row>
<eObjectType>30</eObjectType>
<szObjectValue_0>CY2_PSS_DIR_WHERE_CLASSID</szObjectValue_0>
<szObjectValue_1>0</szObjectValue_1>
<szObjectValue_2></szObjectValue_2>
<szObjectValue_3></szObjectValue_3>
<bExecute>0</bExecute>
<eUpgradeAction>0</eUpgradeAction>
<bTakeAction>1</bTakeAction></row>
<row>
<eObjectType>44</eObjectType>
<szObjectValue_0>CY2_PSS_DIR_VW_SCF</szObjectValue_0>
<szObjectValue_1>Activate</szObjectValue_1>
<szObjectValue_2></szObjectValue_2>
<szObjectValue_3></szObjectValue_3>
<bExecute>0</bExecute>
<eUpgradeAction>0</eUpgradeAction>
<bTakeAction>1</bTakeAction></row>
<row>
<eObjectType>46</eObjectType>
<szObjectValue_0>CY2_PSS_DIR_INSTAL</szObjectValue_0>
<szObjectValue_1>GBL</szObjectValue_1>
<szObjectValue_2>PostBuild</szObjectValue_2>
<szObjectValue_3></szObjectValue_3>
<bExecute>0</bExecute>
<eUpgradeAction>0</eUpgradeAction>
<bTakeAction>1</bTakeAction></row>
<row>
<eObjectType>46</eObjectType>
<szObjectValue_0>CY2_PSS_DIR_INSTAL</szObjectValue_0>
<szObjectValue_1>GBL</szObjectValue_1>
<szObjectValue_2>PreBuild</szObjectValue_2>
<szObjectValue_3></szObjectValue_3>
<bExecute>0</bExecute>
<eUpgradeAction>0</eUpgradeAction>
<bTakeAction>1</bTakeAction></row>
<row>
<eObjectType>46</eObjectType>
<szObjectValue_0>CY2_PSS_DIR_PRF_FL</szObjectValue_0>
<szObjectValue_1>GBL</szObjectValue_1>
<szObjectValue_2>PostBuild</szObjectValue_2>
<szObjectValue_3></szObjectValue_3>
<bExecute>0</bExecute>
<eUpgradeAction>0</eUpgradeAction>
<bTakeAction>1</bTakeAction></row>
<row>
<eObjectType>46</eObjectType>
<szObjectValue_0>CY2_PSS_DIR_PRF_FL</szObjectValue_0>
<szObjectValue_1>GBL</szObjectValue_1>
<szObjectValue_2>PreBuild</szObjectValue_2>
<szObjectValue_3></szObjectValue_3>
<bExecute>0</bExecute>
<eUpgradeAction>0</eUpgradeAction>
<bTakeAction>1</bTakeAction></row>
<row>
<eObjectType>46</eObjectType>
<szObjectValue_0>CY2_PSS_DIR_SETUP</szObjectValue_0>
<szObjectValue_1>GBL</szObjectValue_1>
<szObjectValue_2>PostBuild</szObjectValue_2>
<szObjectValue_3></szObjectValue_3>
<bExecute>0</bExecute>
<eUpgradeAction>0</eUpgradeAction>
<bTakeAction>1</bTakeAction></row>
<row>
<eObjectType>46</eObjectType>
<szObjectValue_0>CY2_PSS_DIR_SETUP</szObjectValue_0>
<szObjectValue_1>GBL</szObjectValue_1>
<szObjectValue_2>PreBuild</szObjectValue_2>
<szObjectValue_3></szObjectValue_3>
<bExecute>0</bExecute>
<eUpgradeAction>0</eUpgradeAction>
<bTakeAction>1</bTakeAction></row>
<row>
<eObjectType>46</eObjectType>
<szObjectValue_0>CY2_PSS_DIR_SETUP</szObjectValue_0>
<szObjectValue_1>GBL</szObjectValue_1>
<szObjectValue_2>SavePreChange</szObjectValue_2>
<szObjectValue_3></szObjectValue_3>
<bExecute>0</bExecute>
<eUpgradeAction>0</eUpgradeAction>
<bTakeAction>1</bTakeAction></row>
<row>
<eObjectType>46</eObjectType>
<szObjectValue_0>CY2_PSS_DIR_VW_FL</szObjectValue_0>
<szObjectValue_1>GBL</szObjectValue_1>
<szObjectValue_2>PostBuild</szObjectValue_2>
<szObjectValue_3></szObjectValue_3>
<bExecute>0</bExecute>
<eUpgradeAction>0</eUpgradeAction>
<bTakeAction>1</bTakeAction></row>
<row>
<eObjectType>46</eObjectType>
<szObjectValue_0>CY2_PSS_DIR_VW_FL</szObjectValue_0>
<szObjectValue_1>GBL</szObjectValue_1>
<szObjectValue_2>PreBuild</szObjectValue_2>
<szObjectValue_3></szObjectValue_3>
<bExecute>0</bExecute>
<eUpgradeAction>0</eUpgradeAction>
<bTakeAction>1</bTakeAction></row>
<row>
<eObjectType>47</eObjectType>
<szObjectValue_0>CY2_PSS_DIR_SETUP</szObjectValue_0>
<szObjectValue_1>GBL</szObjectValue_1>
<szObjectValue_2>CY2_PSS_DIR_EXC</szObjectValue_2>
<szObjectValue_3>RowInit</szObjectValue_3>
<bExecute>0</bExecute>
<eUpgradeAction>0</eUpgradeAction>
<bTakeAction>1</bTakeAction></row>
<row>
<eObjectType>47</eObjectType>
<szObjectValue_0>CY2_PSS_DIR_SETUP</szObjectValue_0>
<szObjectValue_1>GBL</szObjectValue_1>
<szObjectValue_2>CY2_PSS_DIR_FLE</szObjectValue_2>
<szObjectValue_3>RowInit</szObjectValue_3>
<bExecute>0</bExecute>
<eUpgradeAction>0</eUpgradeAction>
<bTakeAction>1</bTakeAction></row>
<row>
<eObjectType>48</eObjectType>
<szObjectValue_0>CY2_PSS_DIR_PRF_FL</szObjectValue_0>
<szObjectValue_1>GBL</szObjectValue_1>
<szObjectValue_2>CY2_PSS_DIR_PRF</szObjectValue_2>
<szObjectValue_3>CY2_CLASSID       FieldChange</szObjectValue_3>
<bExecute>0</bExecute>
<eUpgradeAction>0</eUpgradeAction>
<bTakeAction>1</bTakeAction></row>
<row>
<eObjectType>48</eObjectType>
<szObjectValue_0>CY2_PSS_DIR_PRF_FL</szObjectValue_0>
<szObjectValue_1>GBL</szObjectValue_1>
<szObjectValue_2>CY2_PSS_DIR_PRF</szObjectValue_2>
<szObjectValue_3>DOMAIN            FieldChange</szObjectValue_3>
<bExecute>0</bExecute>
<eUpgradeAction>0</eUpgradeAction>
<bTakeAction>1</bTakeAction></row>
<row>
<eObjectType>48</eObjectType>
<szObjectValue_0>CY2_PSS_DIR_SETUP</szObjectValue_0>
<szObjectValue_1>GBL</szObjectValue_1>
<szObjectValue_2>CY2_PSS_DIR_DDT</szObjectValue_2>
<szObjectValue_3>DEFAULT_FLAG      FieldChange</szObjectValue_3>
<bExecute>0</bExecute>
<eUpgradeAction>0</eUpgradeAction>
<bTakeAction>1</bTakeAction></row>
<row>
<eObjectType>48</eObjectType>
<szObjectValue_0>CY2_PSS_DIR_SETUP</szObjectValue_0>
<szObjectValue_1>GBL</szObjectValue_1>
<szObjectValue_2>CY2_PSS_DIR_DER</szObjectValue_2>
<szObjectValue_3>COPY_PB           FieldChange</szObjectValue_3>
<bExecute>0</bExecute>
<eUpgradeAction>0</eUpgradeAction>
<bTakeAction>1</bTakeAction></row>
<row>
<eObjectType>48</eObjectType>
<szObjectValue_0>CY2_PSS_DIR_SETUP</szObjectValue_0>
<szObjectValue_1>GBL</szObjectValue_1>
<szObjectValue_2>CY2_PSS_DIR_DER</szObjectValue_2>
<szObjectValue_3>DELETE_PB         FieldChange</szObjectValue_3>
<bExecute>0</bExecute>
<eUpgradeAction>0</eUpgradeAction>
<bTakeAction>1</bTakeAction></row>
<row>
<eObjectType>48</eObjectType>
<szObjectValue_0>CY2_PSS_DIR_SETUP</szObjectValue_0>
<szObjectValue_1>GBL</szObjectValue_1>
<szObjectValue_2>CY2_PSS_DIR_EXC</szObjectValue_2>
<szObjectValue_3>CY2_CHECK_FILE_VALFieldChange</szObjectValue_3>
<bExecute>0</bExecute>
<eUpgradeAction>0</eUpgradeAction>
<bTakeAction>1</bTakeAction></row>
<row>
<eObjectType>48</eObjectType>
<szObjectValue_0>CY2_PSS_DIR_SETUP</szObjectValue_0>
<szObjectValue_1>GBL</szObjectValue_1>
<szObjectValue_2>CY2_PSS_DIR_FLE</szObjectValue_2>
<szObjectValue_3>CY2_CHECK_FILE_VALFieldChange</szObjectValue_3>
<bExecute>0</bExecute>
<eUpgradeAction>0</eUpgradeAction>
<bTakeAction>1</bTakeAction></row>
<row>
<eObjectType>48</eObjectType>
<szObjectValue_0>CY2_PSS_DIR_SETUP</szObjectValue_0>
<szObjectValue_1>GBL</szObjectValue_1>
<szObjectValue_2>CY2_PSS_DIR_PDM</szObjectValue_2>
<szObjectValue_3>DEFAULT_FLAG      FieldChange</szObjectValue_3>
<bExecute>0</bExecute>
<eUpgradeAction>0</eUpgradeAction>
<bTakeAction>1</bTakeAction></row>
<row>
<eObjectType>48</eObjectType>
<szObjectValue_0>CY2_PSS_DIR_VW_FL</szObjectValue_0>
<szObjectValue_1>GBL</szObjectValue_1>
<szObjectValue_2>CY2_PSS_ACT_VW</szObjectValue_2>
<szObjectValue_3>ACTIONNAME        FieldChange</szObjectValue_3>
<bExecute>0</bExecute>
<eUpgradeAction>0</eUpgradeAction>
<bTakeAction>1</bTakeAction></row>
<row>
<eObjectType>48</eObjectType>
<szObjectValue_0>CY2_PSS_DIR_VW_FL</szObjectValue_0>
<szObjectValue_1>GBL</szObjectValue_1>
<szObjectValue_2>CY2_PSS_DIR_DER</szObjectValue_2>
<szObjectValue_3>CY2_HOME_BTN      FieldChange</szObjectValue_3>
<bExecute>0</bExecute>
<eUpgradeAction>0</eUpgradeAction>
<bTakeAction>1</bTakeAction></row>
<row>
<eObjectType>48</eObjectType>
<szObjectValue_0>CY2_PSS_DIR_VW_FL</szObjectValue_0>
<szObjectValue_1>GBL</szObjectValue_1>
<szObjectValue_2>CY2_PSS_DIR_DER</szObjectValue_2>
<szObjectValue_3>CY2_UP_BTN        FieldChange</szObjectValue_3>
<bExecute>0</bExecute>
<eUpgradeAction>0</eUpgradeAction>
<bTakeAction>1</bTakeAction></row>
<row>
<eObjectType>48</eObjectType>
<szObjectValue_0>CY2_PSS_DIR_VW_FL</szObjectValue_0>
<szObjectValue_1>GBL</szObjectValue_1>
<szObjectValue_2>CY2_PSS_DIR_DER</szObjectValue_2>
<szObjectValue_3>DOMAIN            FieldChange</szObjectValue_3>
<bExecute>0</bExecute>
<eUpgradeAction>0</eUpgradeAction>
<bTakeAction>1</bTakeAction></row>
<row>
<eObjectType>48</eObjectType>
<szObjectValue_0>CY2_PSS_DIR_VW_FL</szObjectValue_0>
<szObjectValue_1>GBL</szObjectValue_1>
<szObjectValue_2>CY2_PSS_DIR_DER</szObjectValue_2>
<szObjectValue_3>FILE_DIRECTORY    FieldChange</szObjectValue_3>
<bExecute>0</bExecute>
<eUpgradeAction>0</eUpgradeAction>
<bTakeAction>1</bTakeAction></row>
<row>
<eObjectType>48</eObjectType>
<szObjectValue_0>CY2_PSS_DIR_VW_FL</szObjectValue_0>
<szObjectValue_1>GBL</szObjectValue_1>
<szObjectValue_2>CY2_PSS_DIR_DER</szObjectValue_2>
<szObjectValue_3>FILE_PATH         FieldChange</szObjectValue_3>
<bExecute>0</bExecute>
<eUpgradeAction>0</eUpgradeAction>
<bTakeAction>1</bTakeAction></row>
<row>
<eObjectType>48</eObjectType>
<szObjectValue_0>CY2_PSS_DIR_VW_FL</szObjectValue_0>
<szObjectValue_1>GBL</szObjectValue_1>
<szObjectValue_2>CY2_PSS_DIR_DER</szObjectValue_2>
<szObjectValue_3>FILTER_PB         FieldChange</szObjectValue_3>
<bExecute>0</bExecute>
<eUpgradeAction>0</eUpgradeAction>
<bTakeAction>1</bTakeAction></row>
<row>
<eObjectType>48</eObjectType>
<szObjectValue_0>CY2_PSS_DIR_VW_FL</szObjectValue_0>
<szObjectValue_1>GBL</szObjectValue_1>
<szObjectValue_2>CY2_PSS_DIR_DER</szObjectValue_2>
<szObjectValue_3>GO_TO_LINK        FieldChange</szObjectValue_3>
<bExecute>0</bExecute>
<eUpgradeAction>0</eUpgradeAction>
<bTakeAction>1</bTakeAction></row>
<row>
<eObjectType>48</eObjectType>
<szObjectValue_0>CY2_PSS_DIR_VW_FL</szObjectValue_0>
<szObjectValue_1>GBL</szObjectValue_1>
<szObjectValue_2>CY2_PSS_DIR_DER</szObjectValue_2>
<szObjectValue_3>PB_SORT           FieldChange</szObjectValue_3>
<bExecute>0</bExecute>
<eUpgradeAction>0</eUpgradeAction>
<bTakeAction>1</bTakeAction></row>
<row>
<eObjectType>48</eObjectType>
<szObjectValue_0>CY2_PSS_DIR_VW_FL</szObjectValue_0>
<szObjectValue_1>GBL</szObjectValue_1>
<szObjectValue_2>CY2_PSS_DIR_DER</szObjectValue_2>
<szObjectValue_3>SELECT_ALL        FieldChange</szObjectValue_3>
<bExecute>0</bExecute>
<eUpgradeAction>0</eUpgradeAction>
<bTakeAction>1</bTakeAction></row>
<row>
<eObjectType>48</eObjectType>
<szObjectValue_0>CY2_PSS_DIR_VW_FL</szObjectValue_0>
<szObjectValue_1>GBL</szObjectValue_1>
<szObjectValue_2>CY2_PSS_DIR_DER</szObjectValue_2>
<szObjectValue_3>SERVERNAME        FieldChange</szObjectValue_3>
<bExecute>0</bExecute>
<eUpgradeAction>0</eUpgradeAction>
<bTakeAction>1</bTakeAction></row>
<row>
<eObjectType>48</eObjectType>
<szObjectValue_0>CY2_PSS_DIR_VW_FL</szObjectValue_0>
<szObjectValue_1>GBL</szObjectValue_1>
<szObjectValue_2>CY2_PSS_DIR_VW</szObjectValue_2>
<szObjectValue_3>CY2_DIR_FILE_ACTNSFieldChange</szObjectValue_3>
<bExecute>0</bExecute>
<eUpgradeAction>0</eUpgradeAction>
<bTakeAction>1</bTakeAction></row>
<row>
<eObjectType>48</eObjectType>
<szObjectValue_0>CY2_PSS_DIR_VW_FL</szObjectValue_0>
<szObjectValue_1>GBL</szObjectValue_1>
<szObjectValue_2>CY2_PSS_DIR_VW</szObjectValue_2>
<szObjectValue_3>CY2_FILE_NAME     FieldChange</szObjectValue_3>
<bExecute>0</bExecute>
<eUpgradeAction>0</eUpgradeAction>
<bTakeAction>1</bTakeAction></row>
<row>
<eObjectType>49</eObjectType>
<szObjectValue_0>CY2_PSS_DIR_VIEW_IMAGE</szObjectValue_0>
<szObjectValue_1>1</szObjectValue_1>
<szObjectValue_2></szObjectValue_2>
<szObjectValue_3></szObjectValue_3>
<bExecute>0</bExecute>
<eUpgradeAction>0</eUpgradeAction>
<bTakeAction>1</bTakeAction></row>
<row>
<eObjectType>49</eObjectType>
<szObjectValue_0>CY2_PSS_DIR_VIEW_IMAGE_INSTALL</szObjectValue_0>
<szObjectValue_1>1</szObjectValue_1>
<szObjectValue_2></szObjectValue_2>
<szObjectValue_3></szObjectValue_3>
<bExecute>0</bExecute>
<eUpgradeAction>0</eUpgradeAction>
<bTakeAction>1</bTakeAction></row>
<row>
<eObjectType>49</eObjectType>
<szObjectValue_0>CY2_PSS_DIR_VIEW_IMAGE_SETUP</szObjectValue_0>
<szObjectValue_1>1</szObjectValue_1>
<szObjectValue_2></szObjectValue_2>
<szObjectValue_3></szObjectValue_3>
<bExecute>0</bExecute>
<eUpgradeAction>0</eUpgradeAction>
<bTakeAction>1</bTakeAction></row>
<row>
<eObjectType>49</eObjectType>
<szObjectValue_0>PTIAAU_SELECT_S_FL</szObjectValue_0>
<szObjectValue_1>1</szObjectValue_1>
<szObjectValue_2></szObjectValue_2>
<szObjectValue_3></szObjectValue_3>
<bExecute>0</bExecute>
<eUpgradeAction>0</eUpgradeAction>
<bTakeAction>1</bTakeAction></row>
<row>
<eObjectType>49</eObjectType>
<szObjectValue_0>PTIAAU_UNSELECT_S_FL</szObjectValue_0>
<szObjectValue_1>1</szObjectValue_1>
<szObjectValue_2></szObjectValue_2>
<szObjectValue_3></szObjectValue_3>
<bExecute>0</bExecute>
<eUpgradeAction>0</eUpgradeAction>
<bTakeAction>1</bTakeAction></row>
<row>
<eObjectType>49</eObjectType>
<szObjectValue_0>PTNC_EXT_LINK_S_FL</szObjectValue_0>
<szObjectValue_1>1</szObjectValue_1>
<szObjectValue_2></szObjectValue_2>
<szObjectValue_3></szObjectValue_3>
<bExecute>0</bExecute>
<eUpgradeAction>0</eUpgradeAction>
<bTakeAction>1</bTakeAction></row>
<row>
<eObjectType>50</eObjectType>
<szObjectValue_0>CY2_PSS_DIR</szObjectValue_0>
<szObjectValue_1></szObjectValue_1>
<szObjectValue_2></szObjectValue_2>
<szObjectValue_3></szObjectValue_3>
<bExecute>0</bExecute>
<eUpgradeAction>0</eUpgradeAction>
<bTakeAction>1</bTakeAction></row>
<row>
<eObjectType>51</eObjectType>
<szObjectValue_0>CY2_PSS_MO_FULLSCREEN_FL</szObjectValue_0>
<szObjectValue_1>4</szObjectValue_1>
<szObjectValue_2></szObjectValue_2>
<szObjectValue_3></szObjectValue_3>
<bExecute>0</bExecute>
<eUpgradeAction>0</eUpgradeAction>
<bTakeAction>1</bTakeAction></row>
<row>
<eObjectType>51</eObjectType>
<szObjectValue_0>CY2_PSS_MO_POPUP_FL</szObjectValue_0>
<szObjectValue_1>4</szObjectValue_1>
<szObjectValue_2></szObjectValue_2>
<szObjectValue_3></szObjectValue_3>
<bExecute>0</bExecute>
<eUpgradeAction>0</eUpgradeAction>
<bTakeAction>1</bTakeAction></row>
<row>
<eObjectType>53</eObjectType>
<szObjectValue_0>CY2_PSS_DIRECTORY</szObjectValue_0>
<szObjectValue_1></szObjectValue_1>
<szObjectValue_2></szObjectValue_2>
<szObjectValue_3></szObjectValue_3>
<bExecute>0</bExecute>
<eUpgradeAction>0</eUpgradeAction>
<bTakeAction>1</bTakeAction></row>
<row>
<eObjectType>55</eObjectType>
<szObjectValue_0>EMPLOYEE</szObjectValue_0>
<szObjectValue_1>C</szObjectValue_1>
<szObjectValue_2>CY2_PSS_DIR_INSTAL_GBL</szObjectValue_2>
<szObjectValue_3></szObjectValue_3>
<bExecute>0</bExecute>
<eUpgradeAction>0</eUpgradeAction>
<bTakeAction>1</bTakeAction></row>
<row>
<eObjectType>55</eObjectType>
<szObjectValue_0>EMPLOYEE</szObjectValue_0>
<szObjectValue_1>C</szObjectValue_1>
<szObjectValue_2>CY2_PSS_DIR_INSTAL_GBL_LNK</szObjectValue_2>
<szObjectValue_3></szObjectValue_3>
<bExecute>0</bExecute>
<eUpgradeAction>0</eUpgradeAction>
<bTakeAction>1</bTakeAction></row>
<row>
<eObjectType>55</eObjectType>
<szObjectValue_0>EMPLOYEE</szObjectValue_0>
<szObjectValue_1>C</szObjectValue_1>
<szObjectValue_2>CY2_PSS_DIR_PRF_FL_GBL</szObjectValue_2>
<szObjectValue_3></szObjectValue_3>
<bExecute>0</bExecute>
<eUpgradeAction>0</eUpgradeAction>
<bTakeAction>1</bTakeAction></row>
<row>
<eObjectType>55</eObjectType>
<szObjectValue_0>EMPLOYEE</szObjectValue_0>
<szObjectValue_1>C</szObjectValue_1>
<szObjectValue_2>CY2_PSS_DIR_SETUP_GBL</szObjectValue_2>
<szObjectValue_3></szObjectValue_3>
<bExecute>0</bExecute>
<eUpgradeAction>0</eUpgradeAction>
<bTakeAction>1</bTakeAction></row>
<row>
<eObjectType>55</eObjectType>
<szObjectValue_0>EMPLOYEE</szObjectValue_0>
<szObjectValue_1>C</szObjectValue_1>
<szObjectValue_2>CY2_PSS_DIR_SETUP_GBL_LNK</szObjectValue_2>
<szObjectValue_3></szObjectValue_3>
<bExecute>0</bExecute>
<eUpgradeAction>0</eUpgradeAction>
<bTakeAction>1</bTakeAction></row>
<row>
<eObjectType>55</eObjectType>
<szObjectValue_0>EMPLOYEE</szObjectValue_0>
<szObjectValue_1>C</szObjectValue_1>
<szObjectValue_2>CY2_PSS_DIR_VW_FL_GBL</szObjectValue_2>
<szObjectValue_3></szObjectValue_3>
<bExecute>0</bExecute>
<eUpgradeAction>0</eUpgradeAction>
<bTakeAction>1</bTakeAction></row>
<row>
<eObjectType>55</eObjectType>
<szObjectValue_0>EMPLOYEE</szObjectValue_0>
<szObjectValue_1>C</szObjectValue_1>
<szObjectValue_2>CY2_PSS_DIR_VW_FL_LINK</szObjectValue_2>
<szObjectValue_3></szObjectValue_3>
<bExecute>0</bExecute>
<eUpgradeAction>0</eUpgradeAction>
<bTakeAction>1</bTakeAction></row>
<row>
<eObjectType>55</eObjectType>
<szObjectValue_0>EMPLOYEE</szObjectValue_0>
<szObjectValue_1>F</szObjectValue_1>
<szObjectValue_2>CY2_FOLDER</szObjectValue_2>
<szObjectValue_3></szObjectValue_3>
<bExecute>0</bExecute>
<eUpgradeAction>0</eUpgradeAction>
<bTakeAction>1</bTakeAction></row>
<row>
<eObjectType>55</eObjectType>
<szObjectValue_0>EMPLOYEE</szObjectValue_0>
<szObjectValue_1>F</szObjectValue_1>
<szObjectValue_2>CY2_PSS_DIR</szObjectValue_2>
<szObjectValue_3></szObjectValue_3>
<bExecute>0</bExecute>
<eUpgradeAction>0</eUpgradeAction>
<bTakeAction>1</bTakeAction></row>
<row>
<eObjectType>55</eObjectType>
<szObjectValue_0>EMPLOYEE</szObjectValue_0>
<szObjectValue_1>F</szObjectValue_1>
<szObjectValue_2>CY2_PSS_DIR_FL</szObjectValue_2>
<szObjectValue_3></szObjectValue_3>
<bExecute>0</bExecute>
<eUpgradeAction>0</eUpgradeAction>
<bTakeAction>1</bTakeAction></row>
<row>
<eObjectType>57</eObjectType>
<szObjectValue_0>CY2_PSS_DIR</szObjectValue_0>
<szObjectValue_1>CY2_PSS_DIR</szObjectValue_1>
<szObjectValue_2>.</szObjectValue_2>
<szObjectValue_3></szObjectValue_3>
<bExecute>0</bExecute>
<eUpgradeAction>0</eUpgradeAction>
<bTakeAction>1</bTakeAction></row>
<row>
<eObjectType>57</eObjectType>
<szObjectValue_0>Components</szObjectValue_0>
<szObjectValue_1>CY2_PSS_DIR</szObjectValue_1>
<szObjectValue_2>:</szObjectValue_2>
<szObjectValue_3></szObjectValue_3>
<bExecute>0</bExecute>
<eUpgradeAction>0</eUpgradeAction>
<bTakeAction>1</bTakeAction></row>
<row>
<eObjectType>58</eObjectType>
<szObjectValue_0>CY2_PSS_DIR</szObjectValue_0>
<szObjectValue_1>Components</szObjectValue_1>
<szObjectValue_2>CY2_PSS_DIR_INSTAL</szObjectValue_2>
<szObjectValue_3></szObjectValue_3>
<bExecute>0</bExecute>
<eUpgradeAction>0</eUpgradeAction>
<bTakeAction>1</bTakeAction></row>
<row>
<eObjectType>58</eObjectType>
<szObjectValue_0>CY2_PSS_DIR</szObjectValue_0>
<szObjectValue_1>Components</szObjectValue_1>
<szObjectValue_2>CY2_PSS_DIR_PRF_FL</szObjectValue_2>
<szObjectValue_3></szObjectValue_3>
<bExecute>0</bExecute>
<eUpgradeAction>0</eUpgradeAction>
<bTakeAction>1</bTakeAction></row>
<row>
<eObjectType>58</eObjectType>
<szObjectValue_0>CY2_PSS_DIR</szObjectValue_0>
<szObjectValue_1>Components</szObjectValue_1>
<szObjectValue_2>CY2_PSS_DIR_SETUP</szObjectValue_2>
<szObjectValue_3></szObjectValue_3>
<bExecute>0</bExecute>
<eUpgradeAction>0</eUpgradeAction>
<bTakeAction>1</bTakeAction></row>
<row>
<eObjectType>58</eObjectType>
<szObjectValue_0>CY2_PSS_DIR</szObjectValue_0>
<szObjectValue_1>Components</szObjectValue_1>
<szObjectValue_2>CY2_PSS_DIR_VIEW</szObjectValue_2>
<szObjectValue_3></szObjectValue_3>
<bExecute>0</bExecute>
<eUpgradeAction>0</eUpgradeAction>
<bTakeAction>1</bTakeAction></row>
<row>
<eObjectType>58</eObjectType>
<szObjectValue_0>CY2_PSS_DIR</szObjectValue_0>
<szObjectValue_1>DirectoryUtility</szObjectValue_1>
<szObjectValue_2></szObjectValue_2>
<szObjectValue_3></szObjectValue_3>
<bExecute>0</bExecute>
<eUpgradeAction>0</eUpgradeAction>
<bTakeAction>1</bTakeAction></row>
<row>
<eObjectType>58</eObjectType>
<szObjectValue_0>CY2_PSS_DIR</szObjectValue_0>
<szObjectValue_1>DirectoryViewer</szObjectValue_1>
<szObjectValue_2></szObjectValue_2>
<szObjectValue_3></szObjectValue_3>
<bExecute>0</bExecute>
<eUpgradeAction>0</eUpgradeAction>
<bTakeAction>1</bTakeAction></row></rowset></lpPit>
<nIncCount>1</nIncCount>
<lpInc> POINTER
<rowset name="PjmInc" size="38" count="1">
<row>
<szIncidentID>CY2_DIRECTORY_VIEWER_002</szIncidentID>
</row>
</rowset>
</lpInc>
</row></rowset></instance>
</project>