<?xml version='1.0'?>
<!--Warning : Don't edit this file -->
<project>

<instance class="PJM">
<rowset name="PjmDefn" size="2848" count="1">
<row>
<szLastUpdDttm>2021-02-25-12.28.51.225837</szLastUpdDttm>
<szLastUpdOprId>PSELH</szLastUpdOprId>
<szProjectName>CY2_DIRECTORY_VIEWER_001</szProjectName>
<szProjectDescr>PS Directory Viewer</szProjectDescr>
<rowset name="char" size="994" count="1">
<row></row></rowset>
<lpPit>
<rowset name="PjmPit" size="122408" count="143">
<row>
<eObjectType>0</eObjectType>
<szObjectValue_0>CY2_PSS_ACT_VW</szObjectValue_0>
<szObjectValue_1></szObjectValue_1>
<szObjectValue_2></szObjectValue_2>
<szObjectValue_3></szObjectValue_3>
<bExecute>0</bExecute>
<eUpgradeAction>0</eUpgradeAction>
<bTakeAction>1</bTakeAction></row>
<row>
<eObjectType>0</eObjectType>
<szObjectValue_0>CY2_PSS_DIR_DDT</szObjectValue_0>
<szObjectValue_1></szObjectValue_1>
<szObjectValue_2></szObjectValue_2>
<szObjectValue_3></szObjectValue_3>
<bExecute>0</bExecute>
<eUpgradeAction>0</eUpgradeAction>
<bTakeAction>1</bTakeAction></row>
<row>
<eObjectType>0</eObjectType>
<szObjectValue_0>CY2_PSS_DIR_DER</szObjectValue_0>
<szObjectValue_1></szObjectValue_1>
<szObjectValue_2></szObjectValue_2>
<szObjectValue_3></szObjectValue_3>
<bExecute>0</bExecute>
<eUpgradeAction>0</eUpgradeAction>
<bTakeAction>1</bTakeAction></row>
<row>
<eObjectType>0</eObjectType>
<szObjectValue_0>CY2_PSS_DIR_DHD</szObjectValue_0>
<szObjectValue_1></szObjectValue_1>
<szObjectValue_2></szObjectValue_2>
<szObjectValue_3></szObjectValue_3>
<bExecute>0</bExecute>
<eUpgradeAction>1</eUpgradeAction>
<bTakeAction>1</bTakeAction></row>
<row>
<eObjectType>0</eObjectType>
<szObjectValue_0>CY2_PSS_DIR_DVW</szObjectValue_0>
<szObjectValue_1></szObjectValue_1>
<szObjectValue_2></szObjectValue_2>
<szObjectValue_3></szObjectValue_3>
<bExecute>0</bExecute>
<eUpgradeAction>0</eUpgradeAction>
<bTakeAction>1</bTakeAction></row>
<row>
<eObjectType>0</eObjectType>
<szObjectValue_0>CY2_PSS_DIR_FLE</szObjectValue_0>
<szObjectValue_1></szObjectValue_1>
<szObjectValue_2></szObjectValue_2>
<szObjectValue_3></szObjectValue_3>
<bExecute>0</bExecute>
<eUpgradeAction>0</eUpgradeAction>
<bTakeAction>1</bTakeAction></row>
<row>
<eObjectType>0</eObjectType>
<szObjectValue_0>CY2_PSS_DIR_PDM</szObjectValue_0>
<szObjectValue_1></szObjectValue_1>
<szObjectValue_2></szObjectValue_2>
<szObjectValue_3></szObjectValue_3>
<bExecute>0</bExecute>
<eUpgradeAction>0</eUpgradeAction>
<bTakeAction>1</bTakeAction></row>
<row>
<eObjectType>0</eObjectType>
<szObjectValue_0>CY2_PSS_DIR_PHD</szObjectValue_0>
<szObjectValue_1></szObjectValue_1>
<szObjectValue_2></szObjectValue_2>
<szObjectValue_3></szObjectValue_3>
<bExecute>0</bExecute>
<eUpgradeAction>0</eUpgradeAction>
<bTakeAction>1</bTakeAction></row>
<row>
<eObjectType>0</eObjectType>
<szObjectValue_0>CY2_PSS_DIR_SVW</szObjectValue_0>
<szObjectValue_1></szObjectValue_1>
<szObjectValue_2></szObjectValue_2>
<szObjectValue_3></szObjectValue_3>
<bExecute>0</bExecute>
<eUpgradeAction>0</eUpgradeAction>
<bTakeAction>1</bTakeAction></row>
<row>
<eObjectType>0</eObjectType>
<szObjectValue_0>CY2_PSS_DIR_VW</szObjectValue_0>
<szObjectValue_1></szObjectValue_1>
<szObjectValue_2></szObjectValue_2>
<szObjectValue_3></szObjectValue_3>
<bExecute>0</bExecute>
<eUpgradeAction>0</eUpgradeAction>
<bTakeAction>1</bTakeAction></row>
<row>
<eObjectType>2</eObjectType>
<szObjectValue_0>CY2_CANNOT_DELETE</szObjectValue_0>
<szObjectValue_1></szObjectValue_1>
<szObjectValue_2></szObjectValue_2>
<szObjectValue_3></szObjectValue_3>
<bExecute>0</bExecute>
<eUpgradeAction>0</eUpgradeAction>
<bTakeAction>1</bTakeAction></row>
<row>
<eObjectType>2</eObjectType>
<szObjectValue_0>CY2_CANNOT_UPLOAD</szObjectValue_0>
<szObjectValue_1></szObjectValue_1>
<szObjectValue_2></szObjectValue_2>
<szObjectValue_3></szObjectValue_3>
<bExecute>0</bExecute>
<eUpgradeAction>0</eUpgradeAction>
<bTakeAction>1</bTakeAction></row>
<row>
<eObjectType>2</eObjectType>
<szObjectValue_0>CY2_CANNOT_VIEW</szObjectValue_0>
<szObjectValue_1></szObjectValue_1>
<szObjectValue_2></szObjectValue_2>
<szObjectValue_3></szObjectValue_3>
<bExecute>0</bExecute>
<eUpgradeAction>0</eUpgradeAction>
<bTakeAction>1</bTakeAction></row>
<row>
<eObjectType>2</eObjectType>
<szObjectValue_0>CY2_CRDR_CASCADE</szObjectValue_0>
<szObjectValue_1></szObjectValue_1>
<szObjectValue_2></szObjectValue_2>
<szObjectValue_3></szObjectValue_3>
<bExecute>0</bExecute>
<eUpgradeAction>0</eUpgradeAction>
<bTakeAction>1</bTakeAction></row>
<row>
<eObjectType>2</eObjectType>
<szObjectValue_0>CY2_CRDR_DIRECTORY</szObjectValue_0>
<szObjectValue_1></szObjectValue_1>
<szObjectValue_2></szObjectValue_2>
<szObjectValue_3></szObjectValue_3>
<bExecute>0</bExecute>
<eUpgradeAction>0</eUpgradeAction>
<bTakeAction>1</bTakeAction></row>
<row>
<eObjectType>2</eObjectType>
<szObjectValue_0>CY2_CREATE_DIR</szObjectValue_0>
<szObjectValue_1></szObjectValue_1>
<szObjectValue_2></szObjectValue_2>
<szObjectValue_3></szObjectValue_3>
<bExecute>0</bExecute>
<eUpgradeAction>0</eUpgradeAction>
<bTakeAction>1</bTakeAction></row>
<row>
<eObjectType>2</eObjectType>
<szObjectValue_0>CY2_DELETE_DIR</szObjectValue_0>
<szObjectValue_1></szObjectValue_1>
<szObjectValue_2></szObjectValue_2>
<szObjectValue_3></szObjectValue_3>
<bExecute>0</bExecute>
<eUpgradeAction>0</eUpgradeAction>
<bTakeAction>1</bTakeAction></row>
<row>
<eObjectType>2</eObjectType>
<szObjectValue_0>CY2_DELETE_FILE</szObjectValue_0>
<szObjectValue_1></szObjectValue_1>
<szObjectValue_2></szObjectValue_2>
<szObjectValue_3></szObjectValue_3>
<bExecute>0</bExecute>
<eUpgradeAction>0</eUpgradeAction>
<bTakeAction>1</bTakeAction></row>
<row>
<eObjectType>2</eObjectType>
<szObjectValue_0>CY2_DEL_CASCADE</szObjectValue_0>
<szObjectValue_1></szObjectValue_1>
<szObjectValue_2></szObjectValue_2>
<szObjectValue_3></szObjectValue_3>
<bExecute>0</bExecute>
<eUpgradeAction>0</eUpgradeAction>
<bTakeAction>1</bTakeAction></row>
<row>
<eObjectType>2</eObjectType>
<szObjectValue_0>CY2_DEL_DIRECTORY</szObjectValue_0>
<szObjectValue_1></szObjectValue_1>
<szObjectValue_2></szObjectValue_2>
<szObjectValue_3></szObjectValue_3>
<bExecute>0</bExecute>
<eUpgradeAction>0</eUpgradeAction>
<bTakeAction>1</bTakeAction></row>
<row>
<eObjectType>2</eObjectType>
<szObjectValue_0>CY2_DIR_FILE_ACTNS</szObjectValue_0>
<szObjectValue_1></szObjectValue_1>
<szObjectValue_2></szObjectValue_2>
<szObjectValue_3></szObjectValue_3>
<bExecute>0</bExecute>
<eUpgradeAction>0</eUpgradeAction>
<bTakeAction>1</bTakeAction></row>
<row>
<eObjectType>2</eObjectType>
<szObjectValue_0>CY2_DLDR_CASCADE</szObjectValue_0>
<szObjectValue_1></szObjectValue_1>
<szObjectValue_2></szObjectValue_2>
<szObjectValue_3></szObjectValue_3>
<bExecute>0</bExecute>
<eUpgradeAction>0</eUpgradeAction>
<bTakeAction>1</bTakeAction></row>
<row>
<eObjectType>2</eObjectType>
<szObjectValue_0>CY2_DLDR_DIRECTORY</szObjectValue_0>
<szObjectValue_1></szObjectValue_1>
<szObjectValue_2></szObjectValue_2>
<szObjectValue_3></szObjectValue_3>
<bExecute>0</bExecute>
<eUpgradeAction>0</eUpgradeAction>
<bTakeAction>1</bTakeAction></row>
<row>
<eObjectType>2</eObjectType>
<szObjectValue_0>CY2_DWNL_CASCADE</szObjectValue_0>
<szObjectValue_1></szObjectValue_1>
<szObjectValue_2></szObjectValue_2>
<szObjectValue_3></szObjectValue_3>
<bExecute>0</bExecute>
<eUpgradeAction>0</eUpgradeAction>
<bTakeAction>1</bTakeAction></row>
<row>
<eObjectType>2</eObjectType>
<szObjectValue_0>CY2_DWNL_DIRECTORY</szObjectValue_0>
<szObjectValue_1></szObjectValue_1>
<szObjectValue_2></szObjectValue_2>
<szObjectValue_3></szObjectValue_3>
<bExecute>0</bExecute>
<eUpgradeAction>0</eUpgradeAction>
<bTakeAction>1</bTakeAction></row>
<row>
<eObjectType>2</eObjectType>
<szObjectValue_0>CY2_FILEEXTN</szObjectValue_0>
<szObjectValue_1></szObjectValue_1>
<szObjectValue_2></szObjectValue_2>
<szObjectValue_3></szObjectValue_3>
<bExecute>0</bExecute>
<eUpgradeAction>0</eUpgradeAction>
<bTakeAction>1</bTakeAction></row>
<row>
<eObjectType>2</eObjectType>
<szObjectValue_0>CY2_FILE_NAME</szObjectValue_0>
<szObjectValue_1></szObjectValue_1>
<szObjectValue_2></szObjectValue_2>
<szObjectValue_3></szObjectValue_3>
<bExecute>0</bExecute>
<eUpgradeAction>0</eUpgradeAction>
<bTakeAction>1</bTakeAction></row>
<row>
<eObjectType>2</eObjectType>
<szObjectValue_0>CY2_FILE_SIZE</szObjectValue_0>
<szObjectValue_1></szObjectValue_1>
<szObjectValue_2></szObjectValue_2>
<szObjectValue_3></szObjectValue_3>
<bExecute>0</bExecute>
<eUpgradeAction>0</eUpgradeAction>
<bTakeAction>1</bTakeAction></row>
<row>
<eObjectType>2</eObjectType>
<szObjectValue_0>CY2_HOME_BTN</szObjectValue_0>
<szObjectValue_1></szObjectValue_1>
<szObjectValue_2></szObjectValue_2>
<szObjectValue_3></szObjectValue_3>
<bExecute>0</bExecute>
<eUpgradeAction>0</eUpgradeAction>
<bTakeAction>1</bTakeAction></row>
<row>
<eObjectType>2</eObjectType>
<szObjectValue_0>CY2_HOME_DIRECTORY</szObjectValue_0>
<szObjectValue_1></szObjectValue_1>
<szObjectValue_2></szObjectValue_2>
<szObjectValue_3></szObjectValue_3>
<bExecute>0</bExecute>
<eUpgradeAction>0</eUpgradeAction>
<bTakeAction>1</bTakeAction></row>
<row>
<eObjectType>2</eObjectType>
<szObjectValue_0>CY2_IS_FOLDER</szObjectValue_0>
<szObjectValue_1></szObjectValue_1>
<szObjectValue_2></szObjectValue_2>
<szObjectValue_3></szObjectValue_3>
<bExecute>0</bExecute>
<eUpgradeAction>0</eUpgradeAction>
<bTakeAction>1</bTakeAction></row>
<row>
<eObjectType>2</eObjectType>
<szObjectValue_0>CY2_LAST_MODIFIED</szObjectValue_0>
<szObjectValue_1></szObjectValue_1>
<szObjectValue_2></szObjectValue_2>
<szObjectValue_3></szObjectValue_3>
<bExecute>0</bExecute>
<eUpgradeAction>0</eUpgradeAction>
<bTakeAction>1</bTakeAction></row>
<row>
<eObjectType>2</eObjectType>
<szObjectValue_0>CY2_TOP_DIRECTORY</szObjectValue_0>
<szObjectValue_1></szObjectValue_1>
<szObjectValue_2></szObjectValue_2>
<szObjectValue_3></szObjectValue_3>
<bExecute>0</bExecute>
<eUpgradeAction>0</eUpgradeAction>
<bTakeAction>1</bTakeAction></row>
<row>
<eObjectType>2</eObjectType>
<szObjectValue_0>CY2_UPLD_CASCADE</szObjectValue_0>
<szObjectValue_1></szObjectValue_1>
<szObjectValue_2></szObjectValue_2>
<szObjectValue_3></szObjectValue_3>
<bExecute>0</bExecute>
<eUpgradeAction>0</eUpgradeAction>
<bTakeAction>1</bTakeAction></row>
<row>
<eObjectType>2</eObjectType>
<szObjectValue_0>CY2_UPLD_DIRECTORY</szObjectValue_0>
<szObjectValue_1></szObjectValue_1>
<szObjectValue_2></szObjectValue_2>
<szObjectValue_3></szObjectValue_3>
<bExecute>0</bExecute>
<eUpgradeAction>0</eUpgradeAction>
<bTakeAction>1</bTakeAction></row>
<row>
<eObjectType>2</eObjectType>
<szObjectValue_0>CY2_UPLOAD_FILE</szObjectValue_0>
<szObjectValue_1></szObjectValue_1>
<szObjectValue_2></szObjectValue_2>
<szObjectValue_3></szObjectValue_3>
<bExecute>0</bExecute>
<eUpgradeAction>0</eUpgradeAction>
<bTakeAction>1</bTakeAction></row>
<row>
<eObjectType>2</eObjectType>
<szObjectValue_0>CY2_UP_BTN</szObjectValue_0>
<szObjectValue_1></szObjectValue_1>
<szObjectValue_2></szObjectValue_2>
<szObjectValue_3></szObjectValue_3>
<bExecute>0</bExecute>
<eUpgradeAction>0</eUpgradeAction>
<bTakeAction>1</bTakeAction></row>
<row>
<eObjectType>2</eObjectType>
<szObjectValue_0>CY2_VIEW_CASCADE</szObjectValue_0>
<szObjectValue_1></szObjectValue_1>
<szObjectValue_2></szObjectValue_2>
<szObjectValue_3></szObjectValue_3>
<bExecute>0</bExecute>
<eUpgradeAction>0</eUpgradeAction>
<bTakeAction>1</bTakeAction></row>
<row>
<eObjectType>2</eObjectType>
<szObjectValue_0>CY2_VIEW_DIRECTORY</szObjectValue_0>
<szObjectValue_1></szObjectValue_1>
<szObjectValue_2></szObjectValue_2>
<szObjectValue_3></szObjectValue_3>
<bExecute>0</bExecute>
<eUpgradeAction>0</eUpgradeAction>
<bTakeAction>1</bTakeAction></row>
<row>
<eObjectType>2</eObjectType>
<szObjectValue_0>CY2_VIEW_FILE</szObjectValue_0>
<szObjectValue_1></szObjectValue_1>
<szObjectValue_2></szObjectValue_2>
<szObjectValue_3></szObjectValue_3>
<bExecute>0</bExecute>
<eUpgradeAction>0</eUpgradeAction>
<bTakeAction>1</bTakeAction></row>
<row>
<eObjectType>4</eObjectType>
<szObjectValue_0>CY2_DIR_FILE_ACTNS</szObjectValue_0>
<szObjectValue_1>1</szObjectValue_1>
<szObjectValue_2>1901-01-01</szObjectValue_2>
<szObjectValue_3></szObjectValue_3>
<bExecute>0</bExecute>
<eUpgradeAction>0</eUpgradeAction>
<bTakeAction>1</bTakeAction></row>
<row>
<eObjectType>4</eObjectType>
<szObjectValue_0>CY2_DIR_FILE_ACTNS</szObjectValue_0>
<szObjectValue_1>2</szObjectValue_1>
<szObjectValue_2>1901-01-01</szObjectValue_2>
<szObjectValue_3></szObjectValue_3>
<bExecute>0</bExecute>
<eUpgradeAction>0</eUpgradeAction>
<bTakeAction>1</bTakeAction></row>
<row>
<eObjectType>4</eObjectType>
<szObjectValue_0>CY2_DIR_FILE_ACTNS</szObjectValue_0>
<szObjectValue_1>3</szObjectValue_1>
<szObjectValue_2>1901-01-01</szObjectValue_2>
<szObjectValue_3></szObjectValue_3>
<bExecute>0</bExecute>
<eUpgradeAction>0</eUpgradeAction>
<bTakeAction>1</bTakeAction></row>
<row>
<eObjectType>4</eObjectType>
<szObjectValue_0>CY2_DIR_FILE_ACTNS</szObjectValue_0>
<szObjectValue_1>4</szObjectValue_1>
<szObjectValue_2>1901-01-01</szObjectValue_2>
<szObjectValue_3></szObjectValue_3>
<bExecute>0</bExecute>
<eUpgradeAction>0</eUpgradeAction>
<bTakeAction>1</bTakeAction></row>
<row>
<eObjectType>4</eObjectType>
<szObjectValue_0>CY2_DIR_FILE_ACTNS</szObjectValue_0>
<szObjectValue_1>5</szObjectValue_1>
<szObjectValue_2>1901-01-01</szObjectValue_2>
<szObjectValue_3></szObjectValue_3>
<bExecute>0</bExecute>
<eUpgradeAction>0</eUpgradeAction>
<bTakeAction>1</bTakeAction></row>
<row>
<eObjectType>5</eObjectType>
<szObjectValue_0>CY2_PSS_DIR_CD_SCF</szObjectValue_0>
<szObjectValue_1></szObjectValue_1>
<szObjectValue_2></szObjectValue_2>
<szObjectValue_3></szObjectValue_3>
<bExecute>0</bExecute>
<eUpgradeAction>0</eUpgradeAction>
<bTakeAction>1</bTakeAction></row>
<row>
<eObjectType>5</eObjectType>
<szObjectValue_0>CY2_PSS_DIR_EXPLN</szObjectValue_0>
<szObjectValue_1></szObjectValue_1>
<szObjectValue_2></szObjectValue_2>
<szObjectValue_3></szObjectValue_3>
<bExecute>0</bExecute>
<eUpgradeAction>0</eUpgradeAction>
<bTakeAction>1</bTakeAction></row>
<row>
<eObjectType>5</eObjectType>
<szObjectValue_0>CY2_PSS_DIR_MS_SBF</szObjectValue_0>
<szObjectValue_1></szObjectValue_1>
<szObjectValue_2></szObjectValue_2>
<szObjectValue_3></szObjectValue_3>
<bExecute>0</bExecute>
<eUpgradeAction>0</eUpgradeAction>
<bTakeAction>1</bTakeAction></row>
<row>
<eObjectType>5</eObjectType>
<szObjectValue_0>CY2_PSS_DIR_SETUP</szObjectValue_0>
<szObjectValue_1></szObjectValue_1>
<szObjectValue_2></szObjectValue_2>
<szObjectValue_3></szObjectValue_3>
<bExecute>0</bExecute>
<eUpgradeAction>0</eUpgradeAction>
<bTakeAction>1</bTakeAction></row>
<row>
<eObjectType>5</eObjectType>
<szObjectValue_0>CY2_PSS_DIR_VW_FL</szObjectValue_0>
<szObjectValue_1></szObjectValue_1>
<szObjectValue_2></szObjectValue_2>
<szObjectValue_3></szObjectValue_3>
<bExecute>0</bExecute>
<eUpgradeAction>0</eUpgradeAction>
<bTakeAction>1</bTakeAction></row>
<row>
<eObjectType>5</eObjectType>
<szObjectValue_0>CY2_PSS_DIR_VW_SBF</szObjectValue_0>
<szObjectValue_1></szObjectValue_1>
<szObjectValue_2></szObjectValue_2>
<szObjectValue_3></szObjectValue_3>
<bExecute>0</bExecute>
<eUpgradeAction>0</eUpgradeAction>
<bTakeAction>1</bTakeAction></row>
<row>
<eObjectType>5</eObjectType>
<szObjectValue_0>CY2_PSS_DIR_VW_SCF</szObjectValue_0>
<szObjectValue_1></szObjectValue_1>
<szObjectValue_2></szObjectValue_2>
<szObjectValue_3></szObjectValue_3>
<bExecute>0</bExecute>
<eUpgradeAction>0</eUpgradeAction>
<bTakeAction>1</bTakeAction></row>
<row>
<eObjectType>6</eObjectType>
<szObjectValue_0>CY2_PSS_DIR_MENU</szObjectValue_0>
<szObjectValue_1></szObjectValue_1>
<szObjectValue_2></szObjectValue_2>
<szObjectValue_3></szObjectValue_3>
<bExecute>0</bExecute>
<eUpgradeAction>0</eUpgradeAction>
<bTakeAction>1</bTakeAction></row>
<row>
<eObjectType>7</eObjectType>
<szObjectValue_0>CY2_PSS_DIR_SETUP</szObjectValue_0>
<szObjectValue_1>GBL</szObjectValue_1>
<szObjectValue_2></szObjectValue_2>
<szObjectValue_3></szObjectValue_3>
<bExecute>0</bExecute>
<eUpgradeAction>0</eUpgradeAction>
<bTakeAction>1</bTakeAction></row>
<row>
<eObjectType>7</eObjectType>
<szObjectValue_0>CY2_PSS_DIR_VW_FL</szObjectValue_0>
<szObjectValue_1>GBL</szObjectValue_1>
<szObjectValue_2></szObjectValue_2>
<szObjectValue_3></szObjectValue_3>
<bExecute>0</bExecute>
<eUpgradeAction>0</eUpgradeAction>
<bTakeAction>1</bTakeAction></row>
<row>
<eObjectType>25</eObjectType>
<szObjectValue_0>25301</szObjectValue_0>
<szObjectValue_1>1</szObjectValue_1>
<szObjectValue_2>CY2 Directory Viewer</szObjectValue_2>
<szObjectValue_3></szObjectValue_3>
<bExecute>0</bExecute>
<eUpgradeAction>0</eUpgradeAction>
<bTakeAction>1</bTakeAction></row>
<row>
<eObjectType>25</eObjectType>
<szObjectValue_0>25301</szObjectValue_0>
<szObjectValue_1>10</szObjectValue_1>
<szObjectValue_2>CY2 Directory Viewer</szObjectValue_2>
<szObjectValue_3></szObjectValue_3>
<bExecute>0</bExecute>
<eUpgradeAction>0</eUpgradeAction>
<bTakeAction>1</bTakeAction></row>
<row>
<eObjectType>25</eObjectType>
<szObjectValue_0>25301</szObjectValue_0>
<szObjectValue_1>11</szObjectValue_1>
<szObjectValue_2>CY2 Directory Viewer</szObjectValue_2>
<szObjectValue_3></szObjectValue_3>
<bExecute>0</bExecute>
<eUpgradeAction>0</eUpgradeAction>
<bTakeAction>1</bTakeAction></row>
<row>
<eObjectType>25</eObjectType>
<szObjectValue_0>25301</szObjectValue_0>
<szObjectValue_1>12</szObjectValue_1>
<szObjectValue_2>CY2 Directory Viewer</szObjectValue_2>
<szObjectValue_3></szObjectValue_3>
<bExecute>0</bExecute>
<eUpgradeAction>0</eUpgradeAction>
<bTakeAction>1</bTakeAction></row>
<row>
<eObjectType>25</eObjectType>
<szObjectValue_0>25301</szObjectValue_0>
<szObjectValue_1>13</szObjectValue_1>
<szObjectValue_2>CY2 Directory Viewer</szObjectValue_2>
<szObjectValue_3></szObjectValue_3>
<bExecute>0</bExecute>
<eUpgradeAction>0</eUpgradeAction>
<bTakeAction>1</bTakeAction></row>
<row>
<eObjectType>25</eObjectType>
<szObjectValue_0>25301</szObjectValue_0>
<szObjectValue_1>14</szObjectValue_1>
<szObjectValue_2>CY2 Directory Viewer</szObjectValue_2>
<szObjectValue_3></szObjectValue_3>
<bExecute>0</bExecute>
<eUpgradeAction>0</eUpgradeAction>
<bTakeAction>1</bTakeAction></row>
<row>
<eObjectType>25</eObjectType>
<szObjectValue_0>25301</szObjectValue_0>
<szObjectValue_1>15</szObjectValue_1>
<szObjectValue_2>CY2 Directory Viewer</szObjectValue_2>
<szObjectValue_3></szObjectValue_3>
<bExecute>0</bExecute>
<eUpgradeAction>0</eUpgradeAction>
<bTakeAction>1</bTakeAction></row>
<row>
<eObjectType>25</eObjectType>
<szObjectValue_0>25301</szObjectValue_0>
<szObjectValue_1>16</szObjectValue_1>
<szObjectValue_2>CY2 Directory Viewer</szObjectValue_2>
<szObjectValue_3></szObjectValue_3>
<bExecute>0</bExecute>
<eUpgradeAction>0</eUpgradeAction>
<bTakeAction>1</bTakeAction></row>
<row>
<eObjectType>25</eObjectType>
<szObjectValue_0>25301</szObjectValue_0>
<szObjectValue_1>17</szObjectValue_1>
<szObjectValue_2>CY2 Directory Viewer</szObjectValue_2>
<szObjectValue_3></szObjectValue_3>
<bExecute>0</bExecute>
<eUpgradeAction>0</eUpgradeAction>
<bTakeAction>1</bTakeAction></row>
<row>
<eObjectType>25</eObjectType>
<szObjectValue_0>25301</szObjectValue_0>
<szObjectValue_1>18</szObjectValue_1>
<szObjectValue_2>CY2 Directory Viewer</szObjectValue_2>
<szObjectValue_3></szObjectValue_3>
<bExecute>0</bExecute>
<eUpgradeAction>0</eUpgradeAction>
<bTakeAction>1</bTakeAction></row>
<row>
<eObjectType>25</eObjectType>
<szObjectValue_0>25301</szObjectValue_0>
<szObjectValue_1>19</szObjectValue_1>
<szObjectValue_2>CY2 Directory Viewer</szObjectValue_2>
<szObjectValue_3></szObjectValue_3>
<bExecute>0</bExecute>
<eUpgradeAction>0</eUpgradeAction>
<bTakeAction>1</bTakeAction></row>
<row>
<eObjectType>25</eObjectType>
<szObjectValue_0>25301</szObjectValue_0>
<szObjectValue_1>2</szObjectValue_1>
<szObjectValue_2>CY2 Directory Viewer</szObjectValue_2>
<szObjectValue_3></szObjectValue_3>
<bExecute>0</bExecute>
<eUpgradeAction>0</eUpgradeAction>
<bTakeAction>1</bTakeAction></row>
<row>
<eObjectType>25</eObjectType>
<szObjectValue_0>25301</szObjectValue_0>
<szObjectValue_1>20</szObjectValue_1>
<szObjectValue_2>CY2 Directory Viewer</szObjectValue_2>
<szObjectValue_3></szObjectValue_3>
<bExecute>0</bExecute>
<eUpgradeAction>0</eUpgradeAction>
<bTakeAction>1</bTakeAction></row>
<row>
<eObjectType>25</eObjectType>
<szObjectValue_0>25301</szObjectValue_0>
<szObjectValue_1>21</szObjectValue_1>
<szObjectValue_2>CY2 Directory Viewer</szObjectValue_2>
<szObjectValue_3></szObjectValue_3>
<bExecute>0</bExecute>
<eUpgradeAction>0</eUpgradeAction>
<bTakeAction>1</bTakeAction></row>
<row>
<eObjectType>25</eObjectType>
<szObjectValue_0>25301</szObjectValue_0>
<szObjectValue_1>22</szObjectValue_1>
<szObjectValue_2>CY2 Directory Viewer</szObjectValue_2>
<szObjectValue_3></szObjectValue_3>
<bExecute>0</bExecute>
<eUpgradeAction>0</eUpgradeAction>
<bTakeAction>1</bTakeAction></row>
<row>
<eObjectType>25</eObjectType>
<szObjectValue_0>25301</szObjectValue_0>
<szObjectValue_1>23</szObjectValue_1>
<szObjectValue_2>CY2 Directory Viewer</szObjectValue_2>
<szObjectValue_3></szObjectValue_3>
<bExecute>0</bExecute>
<eUpgradeAction>0</eUpgradeAction>
<bTakeAction>1</bTakeAction></row>
<row>
<eObjectType>25</eObjectType>
<szObjectValue_0>25301</szObjectValue_0>
<szObjectValue_1>24</szObjectValue_1>
<szObjectValue_2>CY2 Directory Viewer</szObjectValue_2>
<szObjectValue_3></szObjectValue_3>
<bExecute>0</bExecute>
<eUpgradeAction>0</eUpgradeAction>
<bTakeAction>1</bTakeAction></row>
<row>
<eObjectType>25</eObjectType>
<szObjectValue_0>25301</szObjectValue_0>
<szObjectValue_1>25</szObjectValue_1>
<szObjectValue_2>CY2 Directory Viewer</szObjectValue_2>
<szObjectValue_3></szObjectValue_3>
<bExecute>0</bExecute>
<eUpgradeAction>0</eUpgradeAction>
<bTakeAction>1</bTakeAction></row>
<row>
<eObjectType>25</eObjectType>
<szObjectValue_0>25301</szObjectValue_0>
<szObjectValue_1>26</szObjectValue_1>
<szObjectValue_2>CY2 Directory Viewer</szObjectValue_2>
<szObjectValue_3></szObjectValue_3>
<bExecute>0</bExecute>
<eUpgradeAction>0</eUpgradeAction>
<bTakeAction>1</bTakeAction></row>
<row>
<eObjectType>25</eObjectType>
<szObjectValue_0>25301</szObjectValue_0>
<szObjectValue_1>27</szObjectValue_1>
<szObjectValue_2>CY2 Directory Viewer</szObjectValue_2>
<szObjectValue_3></szObjectValue_3>
<bExecute>0</bExecute>
<eUpgradeAction>0</eUpgradeAction>
<bTakeAction>1</bTakeAction></row>
<row>
<eObjectType>25</eObjectType>
<szObjectValue_0>25301</szObjectValue_0>
<szObjectValue_1>28</szObjectValue_1>
<szObjectValue_2>CY2 Directory Viewer</szObjectValue_2>
<szObjectValue_3></szObjectValue_3>
<bExecute>0</bExecute>
<eUpgradeAction>0</eUpgradeAction>
<bTakeAction>1</bTakeAction></row>
<row>
<eObjectType>25</eObjectType>
<szObjectValue_0>25301</szObjectValue_0>
<szObjectValue_1>29</szObjectValue_1>
<szObjectValue_2>CY2 Directory Viewer</szObjectValue_2>
<szObjectValue_3></szObjectValue_3>
<bExecute>0</bExecute>
<eUpgradeAction>0</eUpgradeAction>
<bTakeAction>1</bTakeAction></row>
<row>
<eObjectType>25</eObjectType>
<szObjectValue_0>25301</szObjectValue_0>
<szObjectValue_1>3</szObjectValue_1>
<szObjectValue_2>CY2 Directory Viewer</szObjectValue_2>
<szObjectValue_3></szObjectValue_3>
<bExecute>0</bExecute>
<eUpgradeAction>0</eUpgradeAction>
<bTakeAction>1</bTakeAction></row>
<row>
<eObjectType>25</eObjectType>
<szObjectValue_0>25301</szObjectValue_0>
<szObjectValue_1>30</szObjectValue_1>
<szObjectValue_2>CY2 Directory Viewer</szObjectValue_2>
<szObjectValue_3></szObjectValue_3>
<bExecute>0</bExecute>
<eUpgradeAction>0</eUpgradeAction>
<bTakeAction>1</bTakeAction></row>
<row>
<eObjectType>25</eObjectType>
<szObjectValue_0>25301</szObjectValue_0>
<szObjectValue_1>31</szObjectValue_1>
<szObjectValue_2>CY2 Directory Viewer</szObjectValue_2>
<szObjectValue_3></szObjectValue_3>
<bExecute>0</bExecute>
<eUpgradeAction>0</eUpgradeAction>
<bTakeAction>1</bTakeAction></row>
<row>
<eObjectType>25</eObjectType>
<szObjectValue_0>25301</szObjectValue_0>
<szObjectValue_1>32</szObjectValue_1>
<szObjectValue_2>CY2 Directory Viewer</szObjectValue_2>
<szObjectValue_3></szObjectValue_3>
<bExecute>0</bExecute>
<eUpgradeAction>0</eUpgradeAction>
<bTakeAction>1</bTakeAction></row>
<row>
<eObjectType>25</eObjectType>
<szObjectValue_0>25301</szObjectValue_0>
<szObjectValue_1>33</szObjectValue_1>
<szObjectValue_2>CY2 Directory Viewer</szObjectValue_2>
<szObjectValue_3></szObjectValue_3>
<bExecute>0</bExecute>
<eUpgradeAction>0</eUpgradeAction>
<bTakeAction>1</bTakeAction></row>
<row>
<eObjectType>25</eObjectType>
<szObjectValue_0>25301</szObjectValue_0>
<szObjectValue_1>34</szObjectValue_1>
<szObjectValue_2>CY2 Directory Viewer</szObjectValue_2>
<szObjectValue_3></szObjectValue_3>
<bExecute>0</bExecute>
<eUpgradeAction>0</eUpgradeAction>
<bTakeAction>1</bTakeAction></row>
<row>
<eObjectType>25</eObjectType>
<szObjectValue_0>25301</szObjectValue_0>
<szObjectValue_1>35</szObjectValue_1>
<szObjectValue_2>CY2 Directory Viewer</szObjectValue_2>
<szObjectValue_3></szObjectValue_3>
<bExecute>0</bExecute>
<eUpgradeAction>0</eUpgradeAction>
<bTakeAction>1</bTakeAction></row>
<row>
<eObjectType>25</eObjectType>
<szObjectValue_0>25301</szObjectValue_0>
<szObjectValue_1>36</szObjectValue_1>
<szObjectValue_2>CY2 Directory Viewer</szObjectValue_2>
<szObjectValue_3></szObjectValue_3>
<bExecute>0</bExecute>
<eUpgradeAction>0</eUpgradeAction>
<bTakeAction>1</bTakeAction></row>
<row>
<eObjectType>25</eObjectType>
<szObjectValue_0>25301</szObjectValue_0>
<szObjectValue_1>37</szObjectValue_1>
<szObjectValue_2>CY2 Directory Viewer</szObjectValue_2>
<szObjectValue_3></szObjectValue_3>
<bExecute>0</bExecute>
<eUpgradeAction>0</eUpgradeAction>
<bTakeAction>1</bTakeAction></row>
<row>
<eObjectType>25</eObjectType>
<szObjectValue_0>25301</szObjectValue_0>
<szObjectValue_1>38</szObjectValue_1>
<szObjectValue_2>CY2 Directory Viewer</szObjectValue_2>
<szObjectValue_3></szObjectValue_3>
<bExecute>0</bExecute>
<eUpgradeAction>0</eUpgradeAction>
<bTakeAction>1</bTakeAction></row>
<row>
<eObjectType>25</eObjectType>
<szObjectValue_0>25301</szObjectValue_0>
<szObjectValue_1>39</szObjectValue_1>
<szObjectValue_2>CY2 Directory Viewer</szObjectValue_2>
<szObjectValue_3></szObjectValue_3>
<bExecute>0</bExecute>
<eUpgradeAction>0</eUpgradeAction>
<bTakeAction>1</bTakeAction></row>
<row>
<eObjectType>25</eObjectType>
<szObjectValue_0>25301</szObjectValue_0>
<szObjectValue_1>4</szObjectValue_1>
<szObjectValue_2>CY2 Directory Viewer</szObjectValue_2>
<szObjectValue_3></szObjectValue_3>
<bExecute>0</bExecute>
<eUpgradeAction>0</eUpgradeAction>
<bTakeAction>1</bTakeAction></row>
<row>
<eObjectType>25</eObjectType>
<szObjectValue_0>25301</szObjectValue_0>
<szObjectValue_1>40</szObjectValue_1>
<szObjectValue_2>CY2 Directory Viewer</szObjectValue_2>
<szObjectValue_3></szObjectValue_3>
<bExecute>0</bExecute>
<eUpgradeAction>0</eUpgradeAction>
<bTakeAction>1</bTakeAction></row>
<row>
<eObjectType>25</eObjectType>
<szObjectValue_0>25301</szObjectValue_0>
<szObjectValue_1>41</szObjectValue_1>
<szObjectValue_2>CY2 Directory Viewer</szObjectValue_2>
<szObjectValue_3></szObjectValue_3>
<bExecute>0</bExecute>
<eUpgradeAction>0</eUpgradeAction>
<bTakeAction>1</bTakeAction></row>
<row>
<eObjectType>25</eObjectType>
<szObjectValue_0>25301</szObjectValue_0>
<szObjectValue_1>42</szObjectValue_1>
<szObjectValue_2>CY2 Directory Viewer</szObjectValue_2>
<szObjectValue_3></szObjectValue_3>
<bExecute>0</bExecute>
<eUpgradeAction>0</eUpgradeAction>
<bTakeAction>1</bTakeAction></row>
<row>
<eObjectType>25</eObjectType>
<szObjectValue_0>25301</szObjectValue_0>
<szObjectValue_1>43</szObjectValue_1>
<szObjectValue_2>CY2 Directory Viewer</szObjectValue_2>
<szObjectValue_3></szObjectValue_3>
<bExecute>0</bExecute>
<eUpgradeAction>0</eUpgradeAction>
<bTakeAction>1</bTakeAction></row>
<row>
<eObjectType>25</eObjectType>
<szObjectValue_0>25301</szObjectValue_0>
<szObjectValue_1>44</szObjectValue_1>
<szObjectValue_2>CY2 Directory Viewer</szObjectValue_2>
<szObjectValue_3></szObjectValue_3>
<bExecute>0</bExecute>
<eUpgradeAction>0</eUpgradeAction>
<bTakeAction>1</bTakeAction></row>
<row>
<eObjectType>25</eObjectType>
<szObjectValue_0>25301</szObjectValue_0>
<szObjectValue_1>45</szObjectValue_1>
<szObjectValue_2>CY2 Directory Viewer</szObjectValue_2>
<szObjectValue_3></szObjectValue_3>
<bExecute>0</bExecute>
<eUpgradeAction>0</eUpgradeAction>
<bTakeAction>1</bTakeAction></row>
<row>
<eObjectType>25</eObjectType>
<szObjectValue_0>25301</szObjectValue_0>
<szObjectValue_1>46</szObjectValue_1>
<szObjectValue_2>CY2 Directory Viewer</szObjectValue_2>
<szObjectValue_3></szObjectValue_3>
<bExecute>0</bExecute>
<eUpgradeAction>0</eUpgradeAction>
<bTakeAction>1</bTakeAction></row>
<row>
<eObjectType>25</eObjectType>
<szObjectValue_0>25301</szObjectValue_0>
<szObjectValue_1>47</szObjectValue_1>
<szObjectValue_2>CY2 Directory Viewer</szObjectValue_2>
<szObjectValue_3></szObjectValue_3>
<bExecute>0</bExecute>
<eUpgradeAction>0</eUpgradeAction>
<bTakeAction>1</bTakeAction></row>
<row>
<eObjectType>25</eObjectType>
<szObjectValue_0>25301</szObjectValue_0>
<szObjectValue_1>48</szObjectValue_1>
<szObjectValue_2>CY2 Directory Viewer</szObjectValue_2>
<szObjectValue_3></szObjectValue_3>
<bExecute>0</bExecute>
<eUpgradeAction>0</eUpgradeAction>
<bTakeAction>1</bTakeAction></row>
<row>
<eObjectType>25</eObjectType>
<szObjectValue_0>25301</szObjectValue_0>
<szObjectValue_1>49</szObjectValue_1>
<szObjectValue_2>CY2 Directory Viewer</szObjectValue_2>
<szObjectValue_3></szObjectValue_3>
<bExecute>0</bExecute>
<eUpgradeAction>0</eUpgradeAction>
<bTakeAction>1</bTakeAction></row>
<row>
<eObjectType>25</eObjectType>
<szObjectValue_0>25301</szObjectValue_0>
<szObjectValue_1>5</szObjectValue_1>
<szObjectValue_2>CY2 Directory Viewer</szObjectValue_2>
<szObjectValue_3></szObjectValue_3>
<bExecute>0</bExecute>
<eUpgradeAction>0</eUpgradeAction>
<bTakeAction>1</bTakeAction></row>
<row>
<eObjectType>25</eObjectType>
<szObjectValue_0>25301</szObjectValue_0>
<szObjectValue_1>50</szObjectValue_1>
<szObjectValue_2>CY2 Directory Viewer</szObjectValue_2>
<szObjectValue_3></szObjectValue_3>
<bExecute>0</bExecute>
<eUpgradeAction>0</eUpgradeAction>
<bTakeAction>1</bTakeAction></row>
<row>
<eObjectType>25</eObjectType>
<szObjectValue_0>25301</szObjectValue_0>
<szObjectValue_1>6</szObjectValue_1>
<szObjectValue_2>CY2 Directory Viewer</szObjectValue_2>
<szObjectValue_3></szObjectValue_3>
<bExecute>0</bExecute>
<eUpgradeAction>0</eUpgradeAction>
<bTakeAction>1</bTakeAction></row>
<row>
<eObjectType>25</eObjectType>
<szObjectValue_0>25301</szObjectValue_0>
<szObjectValue_1>7</szObjectValue_1>
<szObjectValue_2>CY2 Directory Viewer</szObjectValue_2>
<szObjectValue_3></szObjectValue_3>
<bExecute>0</bExecute>
<eUpgradeAction>0</eUpgradeAction>
<bTakeAction>1</bTakeAction></row>
<row>
<eObjectType>25</eObjectType>
<szObjectValue_0>25301</szObjectValue_0>
<szObjectValue_1>8</szObjectValue_1>
<szObjectValue_2>CY2 Directory Viewer</szObjectValue_2>
<szObjectValue_3></szObjectValue_3>
<bExecute>0</bExecute>
<eUpgradeAction>0</eUpgradeAction>
<bTakeAction>1</bTakeAction></row>
<row>
<eObjectType>25</eObjectType>
<szObjectValue_0>25301</szObjectValue_0>
<szObjectValue_1>9</szObjectValue_1>
<szObjectValue_2>CY2 Directory Viewer</szObjectValue_2>
<szObjectValue_3></szObjectValue_3>
<bExecute>0</bExecute>
<eUpgradeAction>0</eUpgradeAction>
<bTakeAction>1</bTakeAction></row>
<row>
<eObjectType>30</eObjectType>
<szObjectValue_0>CY2_PSS_ACT_VW</szObjectValue_0>
<szObjectValue_1>2</szObjectValue_1>
<szObjectValue_2></szObjectValue_2>
<szObjectValue_3></szObjectValue_3>
<bExecute>0</bExecute>
<eUpgradeAction>0</eUpgradeAction>
<bTakeAction>1</bTakeAction></row>
<row>
<eObjectType>30</eObjectType>
<szObjectValue_0>CY2_PSS_DIR_DVW</szObjectValue_0>
<szObjectValue_1>2</szObjectValue_1>
<szObjectValue_2></szObjectValue_2>
<szObjectValue_3></szObjectValue_3>
<bExecute>0</bExecute>
<eUpgradeAction>0</eUpgradeAction>
<bTakeAction>1</bTakeAction></row>
<row>
<eObjectType>30</eObjectType>
<szObjectValue_0>CY2_PSS_DIR_SEL_DIRECTORIES</szObjectValue_0>
<szObjectValue_1>0</szObjectValue_1>
<szObjectValue_2></szObjectValue_2>
<szObjectValue_3></szObjectValue_3>
<bExecute>0</bExecute>
<eUpgradeAction>0</eUpgradeAction>
<bTakeAction>1</bTakeAction></row>
<row>
<eObjectType>30</eObjectType>
<szObjectValue_0>CY2_PSS_DIR_SEL_DOMN_SERV_DEF</szObjectValue_0>
<szObjectValue_1>0</szObjectValue_1>
<szObjectValue_2></szObjectValue_2>
<szObjectValue_3></szObjectValue_3>
<bExecute>0</bExecute>
<eUpgradeAction>0</eUpgradeAction>
<bTakeAction>1</bTakeAction></row>
<row>
<eObjectType>30</eObjectType>
<szObjectValue_0>CY2_PSS_DIR_SEL_EXT_RESTRICT</szObjectValue_0>
<szObjectValue_1>0</szObjectValue_1>
<szObjectValue_2></szObjectValue_2>
<szObjectValue_3></szObjectValue_3>
<bExecute>0</bExecute>
<eUpgradeAction>0</eUpgradeAction>
<bTakeAction>1</bTakeAction></row>
<row>
<eObjectType>30</eObjectType>
<szObjectValue_0>CY2_PSS_DIR_SEL_UNIQUE_SERVER</szObjectValue_0>
<szObjectValue_1>0</szObjectValue_1>
<szObjectValue_2></szObjectValue_2>
<szObjectValue_3></szObjectValue_3>
<bExecute>0</bExecute>
<eUpgradeAction>0</eUpgradeAction>
<bTakeAction>1</bTakeAction></row>
<row>
<eObjectType>30</eObjectType>
<szObjectValue_0>CY2_PSS_DIR_SVW</szObjectValue_0>
<szObjectValue_1>2</szObjectValue_1>
<szObjectValue_2></szObjectValue_2>
<szObjectValue_3></szObjectValue_3>
<bExecute>0</bExecute>
<eUpgradeAction>0</eUpgradeAction>
<bTakeAction>1</bTakeAction></row>
<row>
<eObjectType>30</eObjectType>
<szObjectValue_0>CY2_PSS_DIR_VW</szObjectValue_0>
<szObjectValue_1>2</szObjectValue_1>
<szObjectValue_2></szObjectValue_2>
<szObjectValue_3></szObjectValue_3>
<bExecute>0</bExecute>
<eUpgradeAction>0</eUpgradeAction>
<bTakeAction>1</bTakeAction></row>
<row>
<eObjectType>44</eObjectType>
<szObjectValue_0>CY2_PSS_DIR_VW_SCF</szObjectValue_0>
<szObjectValue_1>Activate</szObjectValue_1>
<szObjectValue_2></szObjectValue_2>
<szObjectValue_3></szObjectValue_3>
<bExecute>0</bExecute>
<eUpgradeAction>0</eUpgradeAction>
<bTakeAction>1</bTakeAction></row>
<row>
<eObjectType>46</eObjectType>
<szObjectValue_0>CY2_PSS_DIR_SETUP</szObjectValue_0>
<szObjectValue_1>GBL</szObjectValue_1>
<szObjectValue_2>PostBuild</szObjectValue_2>
<szObjectValue_3></szObjectValue_3>
<bExecute>0</bExecute>
<eUpgradeAction>0</eUpgradeAction>
<bTakeAction>1</bTakeAction></row>
<row>
<eObjectType>46</eObjectType>
<szObjectValue_0>CY2_PSS_DIR_SETUP</szObjectValue_0>
<szObjectValue_1>GBL</szObjectValue_1>
<szObjectValue_2>PreBuild</szObjectValue_2>
<szObjectValue_3></szObjectValue_3>
<bExecute>0</bExecute>
<eUpgradeAction>0</eUpgradeAction>
<bTakeAction>1</bTakeAction></row>
<row>
<eObjectType>46</eObjectType>
<szObjectValue_0>CY2_PSS_DIR_SETUP</szObjectValue_0>
<szObjectValue_1>GBL</szObjectValue_1>
<szObjectValue_2>SavePreChange</szObjectValue_2>
<szObjectValue_3></szObjectValue_3>
<bExecute>0</bExecute>
<eUpgradeAction>0</eUpgradeAction>
<bTakeAction>1</bTakeAction></row>
<row>
<eObjectType>46</eObjectType>
<szObjectValue_0>CY2_PSS_DIR_VW_FL</szObjectValue_0>
<szObjectValue_1>GBL</szObjectValue_1>
<szObjectValue_2>PostBuild</szObjectValue_2>
<szObjectValue_3></szObjectValue_3>
<bExecute>0</bExecute>
<eUpgradeAction>0</eUpgradeAction>
<bTakeAction>1</bTakeAction></row>
<row>
<eObjectType>46</eObjectType>
<szObjectValue_0>CY2_PSS_DIR_VW_FL</szObjectValue_0>
<szObjectValue_1>GBL</szObjectValue_1>
<szObjectValue_2>PreBuild</szObjectValue_2>
<szObjectValue_3></szObjectValue_3>
<bExecute>0</bExecute>
<eUpgradeAction>0</eUpgradeAction>
<bTakeAction>1</bTakeAction></row>
<row>
<eObjectType>48</eObjectType>
<szObjectValue_0>CY2_PSS_DIR_SETUP</szObjectValue_0>
<szObjectValue_1>GBL</szObjectValue_1>
<szObjectValue_2>CY2_PSS_DIR_DDT</szObjectValue_2>
<szObjectValue_3>DEFAULT_FLAG      FieldChange</szObjectValue_3>
<bExecute>0</bExecute>
<eUpgradeAction>0</eUpgradeAction>
<bTakeAction>1</bTakeAction></row>
<row>
<eObjectType>48</eObjectType>
<szObjectValue_0>CY2_PSS_DIR_SETUP</szObjectValue_0>
<szObjectValue_1>GBL</szObjectValue_1>
<szObjectValue_2>CY2_PSS_DIR_PDM</szObjectValue_2>
<szObjectValue_3>DEFAULT_FLAG      FieldChange</szObjectValue_3>
<bExecute>0</bExecute>
<eUpgradeAction>0</eUpgradeAction>
<bTakeAction>1</bTakeAction></row>
<row>
<eObjectType>48</eObjectType>
<szObjectValue_0>CY2_PSS_DIR_VW_FL</szObjectValue_0>
<szObjectValue_1>GBL</szObjectValue_1>
<szObjectValue_2>CY2_PSS_ACT_VW</szObjectValue_2>
<szObjectValue_3>ACTIONNAME        FieldChange</szObjectValue_3>
<bExecute>0</bExecute>
<eUpgradeAction>0</eUpgradeAction>
<bTakeAction>1</bTakeAction></row>
<row>
<eObjectType>48</eObjectType>
<szObjectValue_0>CY2_PSS_DIR_VW_FL</szObjectValue_0>
<szObjectValue_1>GBL</szObjectValue_1>
<szObjectValue_2>CY2_PSS_DIR_DER</szObjectValue_2>
<szObjectValue_3>CY2_HOME_BTN      FieldChange</szObjectValue_3>
<bExecute>0</bExecute>
<eUpgradeAction>0</eUpgradeAction>
<bTakeAction>1</bTakeAction></row>
<row>
<eObjectType>48</eObjectType>
<szObjectValue_0>CY2_PSS_DIR_VW_FL</szObjectValue_0>
<szObjectValue_1>GBL</szObjectValue_1>
<szObjectValue_2>CY2_PSS_DIR_DER</szObjectValue_2>
<szObjectValue_3>CY2_UP_BTN        FieldChange</szObjectValue_3>
<bExecute>0</bExecute>
<eUpgradeAction>0</eUpgradeAction>
<bTakeAction>1</bTakeAction></row>
<row>
<eObjectType>48</eObjectType>
<szObjectValue_0>CY2_PSS_DIR_VW_FL</szObjectValue_0>
<szObjectValue_1>GBL</szObjectValue_1>
<szObjectValue_2>CY2_PSS_DIR_DER</szObjectValue_2>
<szObjectValue_3>DOMAIN            FieldChange</szObjectValue_3>
<bExecute>0</bExecute>
<eUpgradeAction>0</eUpgradeAction>
<bTakeAction>1</bTakeAction></row>
<row>
<eObjectType>48</eObjectType>
<szObjectValue_0>CY2_PSS_DIR_VW_FL</szObjectValue_0>
<szObjectValue_1>GBL</szObjectValue_1>
<szObjectValue_2>CY2_PSS_DIR_DER</szObjectValue_2>
<szObjectValue_3>FILE_DIRECTORY    FieldChange</szObjectValue_3>
<bExecute>0</bExecute>
<eUpgradeAction>0</eUpgradeAction>
<bTakeAction>1</bTakeAction></row>
<row>
<eObjectType>48</eObjectType>
<szObjectValue_0>CY2_PSS_DIR_VW_FL</szObjectValue_0>
<szObjectValue_1>GBL</szObjectValue_1>
<szObjectValue_2>CY2_PSS_DIR_DER</szObjectValue_2>
<szObjectValue_3>SERVERNAME        FieldChange</szObjectValue_3>
<bExecute>0</bExecute>
<eUpgradeAction>0</eUpgradeAction>
<bTakeAction>1</bTakeAction></row>
<row>
<eObjectType>48</eObjectType>
<szObjectValue_0>CY2_PSS_DIR_VW_FL</szObjectValue_0>
<szObjectValue_1>GBL</szObjectValue_1>
<szObjectValue_2>CY2_PSS_DIR_VW</szObjectValue_2>
<szObjectValue_3>CY2_DIR_FILE_ACTNSFieldChange</szObjectValue_3>
<bExecute>0</bExecute>
<eUpgradeAction>0</eUpgradeAction>
<bTakeAction>1</bTakeAction></row>
<row>
<eObjectType>48</eObjectType>
<szObjectValue_0>CY2_PSS_DIR_VW_FL</szObjectValue_0>
<szObjectValue_1>GBL</szObjectValue_1>
<szObjectValue_2>CY2_PSS_DIR_VW</szObjectValue_2>
<szObjectValue_3>CY2_FILE_NAME     FieldChange</szObjectValue_3>
<bExecute>0</bExecute>
<eUpgradeAction>0</eUpgradeAction>
<bTakeAction>1</bTakeAction></row>
<row>
<eObjectType>50</eObjectType>
<szObjectValue_0>CY2_PSS_DIR</szObjectValue_0>
<szObjectValue_1></szObjectValue_1>
<szObjectValue_2></szObjectValue_2>
<szObjectValue_3></szObjectValue_3>
<bExecute>0</bExecute>
<eUpgradeAction>0</eUpgradeAction>
<bTakeAction>1</bTakeAction></row>
<row>
<eObjectType>51</eObjectType>
<szObjectValue_0>CY2_PSS_MO_FULLSCREEN_FL</szObjectValue_0>
<szObjectValue_1>4</szObjectValue_1>
<szObjectValue_2></szObjectValue_2>
<szObjectValue_3></szObjectValue_3>
<bExecute>0</bExecute>
<eUpgradeAction>0</eUpgradeAction>
<bTakeAction>1</bTakeAction></row>
<row>
<eObjectType>51</eObjectType>
<szObjectValue_0>CY2_PSS_MO_POPUP_FL</szObjectValue_0>
<szObjectValue_1>4</szObjectValue_1>
<szObjectValue_2></szObjectValue_2>
<szObjectValue_3></szObjectValue_3>
<bExecute>0</bExecute>
<eUpgradeAction>0</eUpgradeAction>
<bTakeAction>1</bTakeAction></row>
<row>
<eObjectType>53</eObjectType>
<szObjectValue_0>CY2_PSS_DIRECTORY</szObjectValue_0>
<szObjectValue_1></szObjectValue_1>
<szObjectValue_2></szObjectValue_2>
<szObjectValue_3></szObjectValue_3>
<bExecute>0</bExecute>
<eUpgradeAction>0</eUpgradeAction>
<bTakeAction>1</bTakeAction></row>
<row>
<eObjectType>55</eObjectType>
<szObjectValue_0>EMPLOYEE</szObjectValue_0>
<szObjectValue_1>C</szObjectValue_1>
<szObjectValue_2>CY2_PSS_DIR_SETUP_GBL</szObjectValue_2>
<szObjectValue_3></szObjectValue_3>
<bExecute>0</bExecute>
<eUpgradeAction>0</eUpgradeAction>
<bTakeAction>1</bTakeAction></row>
<row>
<eObjectType>55</eObjectType>
<szObjectValue_0>EMPLOYEE</szObjectValue_0>
<szObjectValue_1>C</szObjectValue_1>
<szObjectValue_2>CY2_PSS_DIR_VW_FL_GBL</szObjectValue_2>
<szObjectValue_3></szObjectValue_3>
<bExecute>0</bExecute>
<eUpgradeAction>0</eUpgradeAction>
<bTakeAction>1</bTakeAction></row>
<row>
<eObjectType>55</eObjectType>
<szObjectValue_0>EMPLOYEE</szObjectValue_0>
<szObjectValue_1>F</szObjectValue_1>
<szObjectValue_2>CY2_FOLDER</szObjectValue_2>
<szObjectValue_3></szObjectValue_3>
<bExecute>0</bExecute>
<eUpgradeAction>0</eUpgradeAction>
<bTakeAction>1</bTakeAction></row>
<row>
<eObjectType>55</eObjectType>
<szObjectValue_0>EMPLOYEE</szObjectValue_0>
<szObjectValue_1>F</szObjectValue_1>
<szObjectValue_2>CY2_PSS_DIR</szObjectValue_2>
<szObjectValue_3></szObjectValue_3>
<bExecute>0</bExecute>
<eUpgradeAction>0</eUpgradeAction>
<bTakeAction>1</bTakeAction></row>
<row>
<eObjectType>57</eObjectType>
<szObjectValue_0>CY2_PSS_DIR</szObjectValue_0>
<szObjectValue_1>CY2_PSS_DIR</szObjectValue_1>
<szObjectValue_2>.</szObjectValue_2>
<szObjectValue_3></szObjectValue_3>
<bExecute>0</bExecute>
<eUpgradeAction>0</eUpgradeAction>
<bTakeAction>1</bTakeAction></row>
<row>
<eObjectType>57</eObjectType>
<szObjectValue_0>Components</szObjectValue_0>
<szObjectValue_1>CY2_PSS_DIR</szObjectValue_1>
<szObjectValue_2>:</szObjectValue_2>
<szObjectValue_3></szObjectValue_3>
<bExecute>0</bExecute>
<eUpgradeAction>0</eUpgradeAction>
<bTakeAction>1</bTakeAction></row>
<row>
<eObjectType>58</eObjectType>
<szObjectValue_0>CY2_PSS_DIR</szObjectValue_0>
<szObjectValue_1>Components</szObjectValue_1>
<szObjectValue_2>CY2_PSS_DIR_SETUP</szObjectValue_2>
<szObjectValue_3></szObjectValue_3>
<bExecute>0</bExecute>
<eUpgradeAction>0</eUpgradeAction>
<bTakeAction>1</bTakeAction></row>
<row>
<eObjectType>58</eObjectType>
<szObjectValue_0>CY2_PSS_DIR</szObjectValue_0>
<szObjectValue_1>Components</szObjectValue_1>
<szObjectValue_2>CY2_PSS_DIR_VIEW</szObjectValue_2>
<szObjectValue_3></szObjectValue_3>
<bExecute>0</bExecute>
<eUpgradeAction>0</eUpgradeAction>
<bTakeAction>1</bTakeAction></row>
<row>
<eObjectType>58</eObjectType>
<szObjectValue_0>CY2_PSS_DIR</szObjectValue_0>
<szObjectValue_1>DirectoryUtility</szObjectValue_1>
<szObjectValue_2></szObjectValue_2>
<szObjectValue_3></szObjectValue_3>
<bExecute>0</bExecute>
<eUpgradeAction>0</eUpgradeAction>
<bTakeAction>1</bTakeAction></row>
<row>
<eObjectType>58</eObjectType>
<szObjectValue_0>CY2_PSS_DIR</szObjectValue_0>
<szObjectValue_1>DirectoryViewer</szObjectValue_1>
<szObjectValue_2></szObjectValue_2>
<szObjectValue_3></szObjectValue_3>
<bExecute>0</bExecute>
<eUpgradeAction>0</eUpgradeAction>
<bTakeAction>1</bTakeAction></row></rowset></lpPit>
<nIncCount>1</nIncCount>
<lpInc> POINTER
<rowset name="PjmInc" size="38" count="1">
<row>
<szIncidentID>CY2_DIRECTORY_VIEWER_001</szIncidentID>
</row>
</rowset>
</lpInc>
</row></rowset></instance>
</project>