<?xml version="1.0" encoding="UTF-8"?>
<java version="1.8.0_131" class="java.beans.XMLDecoder">
 <object class="com.peoplesoft.pt.changeassistant.packager.Manifest">
  <void property="objectTypes">
   <array class="java.lang.String" length="128">
    <void index="0">
     <string>Records(10)</string>
    </void>
    <void index="1">
     <string>Indexes(0)</string>
    </void>
    <void index="2">
     <string>Fields(30)</string>
    </void>
    <void index="3">
     <string>Field Formats(0)</string>
    </void>
    <void index="4">
     <string>Translate Values(5)</string>
    </void>
    <void index="5">
     <string>Pages(7)</string>
    </void>
    <void index="6">
     <string>Menus(1)</string>
    </void>
    <void index="7">
     <string>Components(2)</string>
    </void>
    <void index="8">
     <string>Record PeopleCode(0)</string>
    </void>
    <void index="9">
     <string>Menu PeopleCode(0)</string>
    </void>
    <void index="10">
     <string>Queries(0)</string>
    </void>
    <void index="11">
     <string>Tree Structures(0)</string>
    </void>
    <void index="12">
     <string>Trees(0)</string>
    </void>
    <void index="13">
     <string>Access Groups(0)</string>
    </void>
    <void index="14">
     <string>Colors(0)</string>
    </void>
    <void index="15">
     <string>Styles(0)</string>
    </void>
    <void index="16">
     <string>Business Process Maps(0)</string>
    </void>
    <void index="17">
     <string>Business Processes(0)</string>
    </void>
    <void index="18">
     <string>Activities(0)</string>
    </void>
    <void index="19">
     <string>Roles(0)</string>
    </void>
    <void index="20">
     <string>Process Definitions(0)</string>
    </void>
    <void index="21">
     <string>Server Definitions(0)</string>
    </void>
    <void index="22">
     <string>Process Type Definitions(0)</string>
    </void>
    <void index="23">
     <string>Job Definitions(0)</string>
    </void>
    <void index="24">
     <string>Recurrence Definitions(0)</string>
    </void>
    <void index="25">
     <string>Message Catalog Entries(50)</string>
    </void>
    <void index="26">
     <string>Dimensions(0)</string>
    </void>
    <void index="27">
     <string>Cube Definitions(0)</string>
    </void>
    <void index="28">
     <string>Cube Instance Definitions(0)</string>
    </void>
    <void index="29">
     <string>Business Interlink(0)</string>
    </void>
    <void index="30">
     <string>SQL(8)</string>
    </void>
    <void index="31">
     <string>File Layout Definitions(0)</string>
    </void>
    <void index="32">
     <string>Component Interfaces(0)</string>
    </void>
    <void index="33">
     <string>Application Engine Programs(0)</string>
    </void>
    <void index="34">
     <string>Application Engine Sections(0)</string>
    </void>
    <void index="35">
     <string>Message Nodes(0)</string>
    </void>
    <void index="36">
     <string>Message Channels(0)</string>
    </void>
    <void index="37">
     <string>Messages(0)</string>
    </void>
    <void index="38">
     <string>Approval Rule Sets(0)</string>
    </void>
    <void index="39">
     <string>Message PeopleCode(0)</string>
    </void>
    <void index="40">
     <string>Subscription PeopleCode(0)</string>
    </void>
    <void index="41">
     <string>unused(0)</string>
    </void>
    <void index="42">
     <string>Comp. Interface PeopleCode(0)</string>
    </void>
    <void index="43">
     <string>Application Engine PeopleCode(0)</string>
    </void>
    <void index="44">
     <string>Page PeopleCode(1)</string>
    </void>
    <void index="45">
     <string>Page Field PeopleCode(0)</string>
    </void>
    <void index="46">
     <string>Component PeopleCode(5)</string>
    </void>
    <void index="47">
     <string>Component Record PeopleCode(0)</string>
    </void>
    <void index="48">
     <string>Component Rec Fld PeopleCode(10)</string>
    </void>
    <void index="49">
     <string>Images(0)</string>
    </void>
    <void index="50">
     <string>Style Sheets(1)</string>
    </void>
    <void index="51">
     <string>HTML(2)</string>
    </void>
    <void index="52">
     <string>unused(0)</string>
    </void>
    <void index="53">
     <string>Permission Lists(1)</string>
    </void>
    <void index="54">
     <string>Portal Registry Definitions(0)</string>
    </void>
    <void index="55">
     <string>Portal Registry Structures(4)</string>
    </void>
    <void index="56">
     <string>URL Definitions(0)</string>
    </void>
    <void index="57">
     <string>Application Packages(2)</string>
    </void>
    <void index="58">
     <string>Application Package PeopleCode(4)</string>
    </void>
    <void index="59">
     <string>Portal Registry User Homepages(0)</string>
    </void>
    <void index="60">
     <string>Analytic Types(0)</string>
    </void>
    <void index="61">
     <string>Archive Templates(0)</string>
    </void>
    <void index="62">
     <string>XSLT(0)</string>
    </void>
    <void index="63">
     <string>Portal Registry User Favorites(0)</string>
    </void>
    <void index="64">
     <string>Mobile Pages(0)</string>
    </void>
    <void index="65">
     <string>Relationships(0)</string>
    </void>
    <void index="66">
     <string>CI Property PeopleCode(0)</string>
    </void>
    <void index="67">
     <string>Optimization Models(0)</string>
    </void>
    <void index="68">
     <string>File References(0)</string>
    </void>
    <void index="69">
     <string>File Type Codes(0)</string>
    </void>
    <void index="70">
     <string>Archive Object Definitions(0)</string>
    </void>
    <void index="71">
     <string>Archive Templates (Type 2)(0)</string>
    </void>
    <void index="72">
     <string>Diagnostic Plug-Ins(0)</string>
    </void>
    <void index="73">
     <string>Analytic Models(0)</string>
    </void>
    <void index="74">
     <string>unused(0)</string>
    </void>
    <void index="75">
     <string>Java Portlet User Preferences(0)</string>
    </void>
    <void index="76">
     <string>WSRP Remote Producers(0)</string>
    </void>
    <void index="77">
     <string>WSRP Remote Portlets(0)</string>
    </void>
    <void index="78">
     <string>WSRP Cloned Portlets Handles(0)</string>
    </void>
    <void index="79">
     <string>Services(0)</string>
    </void>
    <void index="80">
     <string>Service Operations(0)</string>
    </void>
    <void index="81">
     <string>Service Operation Handlers(0)</string>
    </void>
    <void index="82">
     <string>Service Operation Versions(0)</string>
    </void>
    <void index="83">
     <string>Service Operation Routings(0)</string>
    </void>
    <void index="84">
     <string>IB Queues(0)</string>
    </void>
    <void index="85">
     <string>XMLP Template Defn(0)</string>
    </void>
    <void index="86">
     <string>XMLP Report Defn(0)</string>
    </void>
    <void index="87">
     <string>XMLP File Defn(0)</string>
    </void>
    <void index="88">
     <string>XMLP Data Src Defn(0)</string>
    </void>
    <void index="89">
     <string>WSDL(0)</string>
    </void>
    <void index="90">
     <string>Schema(0)</string>
    </void>
    <void index="91">
     <string>Connected Queries(0)</string>
    </void>
    <void index="92">
     <string>Logical Schema(0)</string>
    </void>
    <void index="93">
     <string>Physical Schema(0)</string>
    </void>
    <void index="94">
     <string>Relational Schema(0)</string>
    </void>
    <void index="95">
     <string>Logical Schema Dependancy(0)</string>
    </void>
    <void index="96">
     <string>Document Schema(0)</string>
    </void>
    <void index="97">
     <string>Essbase Cube Dimensions(0)</string>
    </void>
    <void index="98">
     <string>Essbase Cube Outlines(0)</string>
    </void>
    <void index="99">
     <string>Essbase Cube Connections(0)</string>
    </void>
    <void index="100">
     <string>Essbase Cube Templates(0)</string>
    </void>
    <void index="101">
     <string>Delimited Schema(0)</string>
    </void>
    <void index="102">
     <string>Positional Schema(0)</string>
    </void>
    <void index="103">
     <string>Application Data Set Definition Manager(0)</string>
    </void>
    <void index="104">
     <string>Test Framework Manager(0)</string>
    </void>
    <void index="105">
     <string>Test Framework Test Case Manager(0)</string>
    </void>
    <void index="106">
     <string>Application Data Set Binding(0)</string>
    </void>
    <void index="107">
     <string>Feed Definition Manager(0)</string>
    </void>
    <void index="108">
     <string>Feed Category Manager(0)</string>
    </void>
    <void index="109">
     <string>Feed Data Type Manager(0)</string>
    </void>
    <void index="110">
     <string>Json Schema(0)</string>
    </void>
    <void index="111">
     <string>Related Content Definition Manager(0)</string>
    </void>
    <void index="112">
     <string>Related Content Service Manager(0)</string>
    </void>
    <void index="113">
     <string>Related Content Service Config Manager(0)</string>
    </void>
    <void index="114">
     <string>Related Content Layout Manager(0)</string>
    </void>
    <void index="115">
     <string>PTSF Search Attribute(0)</string>
    </void>
    <void index="116">
     <string>PTSF Search Definition(0)</string>
    </void>
    <void index="117">
     <string>PTSF Search Category(0)</string>
    </void>
    <void index="118">
     <string>PTSF Search Context(0)</string>
    </void>
    <void index="119">
     <string>Integration Group Manager(0)</string>
    </void>
    <void index="120">
     <string>Html Schema(0)</string>
    </void>
    <void index="121">
     <string>Document Layout Manager(0)</string>
    </void>
    <void index="122">
     <string>Document Template Manager(0)</string>
    </void>
    <void index="123">
     <string>Composite Query Manager(0)</string>
    </void>
    <void index="124">
     <string>Document PeopleCode Manager(0)</string>
    </void>
    <void index="125">
     <string>Map Admin Manager(0)</string>
    </void>
    <void index="126">
     <string>Map Store Manager(0)</string>
    </void>
    <void index="127">
     <string>RC User Personalization Manager(0)</string>
    </void>
   </array>
  </void>
  <void property="projectName">
   <string>CY2_DIRECTORY_VIEWER_001</string>
  </void>
  <void property="resolution">
   <object class="com.peoplesoft.pt.changeassistant.packager.Resolution">
    <void property="description">
     <string>PS Directory Viewer</string>
    </void>
    <void property="languageCodes">
     <array class="java.lang.String" length="2">
      <void index="0">
       <string>ENG</string>
      </void>
      <void index="1">
       <string>FRA</string>
      </void>
     </array>
    </void>
    <void property="postDateTime">
     <string>2021-02-25-12.28.51.225837</string>
    </void>
    <void property="productInfo">
     <array class="com.peoplesoft.pt.changeassistant.packager.Product" length="1">
      <void index="0">
       <object class="com.peoplesoft.pt.changeassistant.packager.Product">
        <void property="applicationRelease">
         <string>9.20.00.000</string>
        </void>
        <void property="productLine">
         <string>Campus Solutions</string>
        </void>
       </object>
      </void>
     </array>
    </void>
    <void property="updateID">
     <string>CY2_DIRECTORY_VIEWER_001</string>
    </void>
   </object>
  </void>
  <void property="updateIDs">
   <array class="java.lang.String" length="1">
    <void index="0">
     <string>CY2_DIRECTORY_VIEWER_001</string>
    </void>
   </array>
  </void>
 </object>
</java>
