<?xml version="1.0" encoding="UTF-8"?>
<java class="java.beans.XMLDecoder" version="1.8.0_131">
    <object class="com.peoplesoft.pt.changeassistant.Template">
        <string>CY2_DIRECTORY_VIEWER_001</string>
        <void property="update">
            <boolean>true</boolean>
        </void>
        <void method="addChapter">
            <object class="com.peoplesoft.pt.changeassistant.Chapter">
                <string>Plan Your Update</string>
            </object>
        </void>
        <void method="addChapter">
            <object class="com.peoplesoft.pt.changeassistant.Chapter">
                <string>Apply Metadata Changes</string>
                <void method="addTask">
                    <object class="com.peoplesoft.pt.changeassistant.Task">
                        <string>Apply Non Managed Metadata</string>
                        <void method="addStep">
                            <object class="com.peoplesoft.pt.changeassistant.step.steps.DataMoverUser">
                                <string>Import Message Catalog Definitions</string>
                                <string>Import Message Catalog Definitions</string>
                                <void property="DBLocation">
                                    <string>T</string>
                                </void>
                                <void property="autoGenerated">
                                    <boolean>true</boolean>
                                </void>
                                <void property="concurrentExecution">
                                    <string>N</string>
                                </void>
                                <void property="errors">
                                    <string>N</string>
                                </void>
                                <void property="industry">
                                    <string>All</string>
                                </void>
                                <void property="language">
                                    <string>All</string>
                                </void>
                                <void property="languageType">
                                    <string>B</string>
                                </void>
                                <void property="location">
                                    <string>L</string>
                                </void>
                                <void property="parameters">
                                    <string>#DIRECTORY=#STAGINGDIRECTORY/CopyObjectScripts/</string>
                                </void>
                                <void property="platform">
                                    <string>All</string>
                                </void>
                                <void property="products">
                                    <string>All</string>
                                </void>
                                <void property="runLocation">
                                    <string>Local</string>
                                </void>
                                <void property="scriptProcedure">
                                    <string>updcy2_directory_viewer_001_msg_i</string>
                                </void>
                                <void property="upgradeType">
                                    <string>B</string>
                                </void>
                            </object>
                        </void>
                        <void method="addStep">
                            <object class="com.peoplesoft.pt.changeassistant.step.steps.DataMoverUser">
                                <string>Import Message Catalog Definitions(FRA)</string>
                                <string>Import Message Catalog Definitions(FRA)</string>
                                <void property="DBLocation">
                                    <string>T</string>
                                </void>
                                <void property="autoGenerated">
                                    <boolean>true</boolean>
                                </void>
                                <void property="concurrentExecution">
                                    <string>N</string>
                                </void>
                                <void property="errors">
                                    <string>N</string>
                                </void>
                                <void property="industry">
                                    <string>All</string>
                                </void>
                                <void property="language">
                                    <string>FRA</string>
                                </void>
                                <void property="languageType">
                                    <string>B</string>
                                </void>
                                <void property="location">
                                    <string>L</string>
                                </void>
                                <void property="parameters">
                                    <string>#DIRECTORY=#STAGINGDIRECTORY/CopyObjectScripts/</string>
                                </void>
                                <void property="platform">
                                    <string>All</string>
                                </void>
                                <void property="products">
                                    <string>All</string>
                                </void>
                                <void property="runLocation">
                                    <string>Local</string>
                                </void>
                                <void property="scriptProcedure">
                                    <string>updcy2_directory_viewer_001_msg_fra_i</string>
                                </void>
                                <void property="upgradeType">
                                    <string>B</string>
                                </void>
                            </object>
                        </void>
                    </object>
                </void>
                <void method="addTask">
                    <object class="com.peoplesoft.pt.changeassistant.Task">
                        <string>Apply Project</string>
                        <void method="addStep">
                            <object class="com.peoplesoft.pt.changeassistant.step.steps.CopyFromFile">
                                <string>CopyUpdateProject</string>
                                <string>Copy Update Project</string>
                                <void property="DBLocation">
                                    <string>T</string>
                                </void>
                                <void property="autoGenerated">
                                    <boolean>true</boolean>
                                </void>
                                <void property="concurrentExecution">
                                    <string>N</string>
                                </void>
                                <void property="copyLanguages">
                                    <string>ENG,COMMON,FRA</string>
                                </void>
                                <void property="errors">
                                    <string>N</string>
                                </void>
                                <void property="importDirectory">
                                    <string>#STAGINGDIRECTORY</string>
                                </void>
                                <void property="industry">
                                    <string>All</string>
                                </void>
                                <void property="language">
                                    <string>All</string>
                                </void>
                                <void property="languageType">
                                    <string>B</string>
                                </void>
                                <void property="location">
                                    <string>L</string>
                                </void>
                                <void property="parameters">
                                    <string>#PROJECT=CY2_DIRECTORY_VIEWER_001</string>
                                </void>
                                <void property="platform">
                                    <string>All</string>
                                </void>
                                <void property="products">
                                    <string>All</string>
                                </void>
                                <void property="runLocation">
                                    <string>Local</string>
                                </void>
                                <void property="scriptProcedure">
                                    <string>CY2_DIRECTORY_VIEWER_001</string>
                                </void>
                                <void property="upgradeType">
                                    <string>B</string>
                                </void>
                            </object>
                        </void>
                    </object>
                </void>
            </object>
        </void>
        <void method="addChapter">
            <object class="com.peoplesoft.pt.changeassistant.Chapter">
                <string>Build and Alter</string>
                <void method="addTask">
                    <object class="com.peoplesoft.pt.changeassistant.Task">
                        <string>Build and Alter Task</string>
                        <void method="addStep">
                            <object class="com.peoplesoft.pt.changeassistant.step.steps.BuildProject">
                                <string>Build and Alter Step</string>
                                <string>Build and Alter Step</string>
                                <void property="DBLocation">
                                    <string>T</string>
                                </void>
                                <void property="alterTableFilename">
                                    <string>#OutputDirectoryAlterTables.sql</string>
                                </void>
                                <void property="alterTables">
                                    <int>1</int>
                                </void>
                                <void property="concurrentExecution">
                                    <string>N</string>
                                </void>
                                <void property="createIndexFilename">
                                    <string>#OutputDirectoryCreateIndexes.sql</string>
                                </void>
                                <void property="createIndexes">
                                    <int>1</int>
                                </void>
                                <void property="createTableFilename">
                                    <string>#OutputDirectoryCreateTables.sql</string>
                                </void>
                                <void property="createTables">
                                    <int>1</int>
                                </void>
                                <void property="createTrigger">
                                    <int>1</int>
                                </void>
                                <void property="createTriggerFilename">
                                    <string>#OutputDirectoryCreateTriggers.sql</string>
                                </void>
                                <void property="createViewFilename">
                                    <string>#OutputDirectoryCreateViews.sql</string>
                                </void>
                                <void property="createViews">
                                    <int>1</int>
                                </void>
                                <void property="errors">
                                    <string>N</string>
                                </void>
                                <void property="industry">
                                    <string>All</string>
                                </void>
                                <void property="language">
                                    <string>All</string>
                                </void>
                                <void property="languageType">
                                    <string>B</string>
                                </void>
                                <void property="location">
                                    <string>L</string>
                                </void>
                                <void property="logFilename">
                                    <string>#OutputDirectoryBuildAndAlter.log</string>
                                </void>
                                <void property="outputToSingleFile">
                                    <int>0</int>
                                </void>
                                <void property="parameters">
                                    <string>#PROJECT=CY2_DIRECTORY_VIEWER_001</string>
                                </void>
                                <void property="platform">
                                    <string>All</string>
                                </void>
                                <void property="products">
                                    <string>All</string>
                                </void>
                                <void property="runLocation">
                                    <string>Local</string>
                                </void>
                                <void property="scriptProcedure">
                                    <string>BuildAndAlter</string>
                                </void>
                                <void property="upgradeType">
                                    <string>B</string>
                                </void>
                            </object>
                        </void>
                        <void method="addStep">
                            <object class="com.peoplesoft.pt.changeassistant.step.steps.SQLScript">
                                <string>Run Create Tables Script</string>
                                <string>Run Create Tables Script</string>
                                <void property="DBLocation">
                                    <string>T</string>
                                </void>
                                <void property="concurrentExecution">
                                    <string>N</string>
                                </void>
                                <void property="errors">
                                    <string>N</string>
                                </void>
                                <void property="industry">
                                    <string>All</string>
                                </void>
                                <void property="language">
                                    <string>All</string>
                                </void>
                                <void property="languageType">
                                    <string>B</string>
                                </void>
                                <void property="location">
                                    <string>L</string>
                                </void>
                                <void property="parameters">
                                    <string>#DIRECTORY=#OUTPUTDIRECTORY</string>
                                </void>
                                <void property="platform">
                                    <string>All</string>
                                </void>
                                <void property="products">
                                    <string>All</string>
                                </void>
                                <void property="runLocation">
                                    <string>Local</string>
                                </void>
                                <void property="scriptProcedure">
                                    <string>CreateTables</string>
                                </void>
                                <void property="upgradeType">
                                    <string>B</string>
                                </void>
                            </object>
                        </void>
                        <void method="addStep">
                            <object class="com.peoplesoft.pt.changeassistant.step.steps.SQLScript">
                                <string>Run Alter Tables Script</string>
                                <string>Run Alter Tables Script</string>
                                <void property="DBLocation">
                                    <string>T</string>
                                </void>
                                <void property="concurrentExecution">
                                    <string>N</string>
                                </void>
                                <void property="errors">
                                    <string>N</string>
                                </void>
                                <void property="industry">
                                    <string>All</string>
                                </void>
                                <void property="language">
                                    <string>All</string>
                                </void>
                                <void property="languageType">
                                    <string>B</string>
                                </void>
                                <void property="location">
                                    <string>L</string>
                                </void>
                                <void property="parameters">
                                    <string>#DIRECTORY=#OUTPUTDIRECTORY</string>
                                </void>
                                <void property="platform">
                                    <string>All</string>
                                </void>
                                <void property="products">
                                    <string>All</string>
                                </void>
                                <void property="runLocation">
                                    <string>Local</string>
                                </void>
                                <void property="scriptProcedure">
                                    <string>AlterTables</string>
                                </void>
                                <void property="upgradeType">
                                    <string>B</string>
                                </void>
                            </object>
                        </void>
                        <void method="addStep">
                            <object class="com.peoplesoft.pt.changeassistant.step.steps.SQLScript">
                                <string>Run Create Triggers Script</string>
                                <string>Run Create Triggers Script</string>
                                <void property="DBLocation">
                                    <string>T</string>
                                </void>
                                <void property="concurrentExecution">
                                    <string>N</string>
                                </void>
                                <void property="errors">
                                    <string>N</string>
                                </void>
                                <void property="industry">
                                    <string>All</string>
                                </void>
                                <void property="language">
                                    <string>All</string>
                                </void>
                                <void property="languageType">
                                    <string>B</string>
                                </void>
                                <void property="location">
                                    <string>L</string>
                                </void>
                                <void property="parameters">
                                    <string>#DIRECTORY=#OUTPUTDIRECTORY</string>
                                </void>
                                <void property="platform">
                                    <string>All</string>
                                </void>
                                <void property="products">
                                    <string>All</string>
                                </void>
                                <void property="runLocation">
                                    <string>Local</string>
                                </void>
                                <void property="scriptProcedure">
                                    <string>CreateTriggers</string>
                                </void>
                                <void property="upgradeType">
                                    <string>B</string>
                                </void>
                            </object>
                        </void>
                        <void method="addStep">
                            <object class="com.peoplesoft.pt.changeassistant.step.steps.SQLScript">
                                <string>Run Create Views Script</string>
                                <string>Run Create Views Script</string>
                                <void property="DBLocation">
                                    <string>T</string>
                                </void>
                                <void property="concurrentExecution">
                                    <string>N</string>
                                </void>
                                <void property="errors">
                                    <string>N</string>
                                </void>
                                <void property="industry">
                                    <string>All</string>
                                </void>
                                <void property="language">
                                    <string>All</string>
                                </void>
                                <void property="languageType">
                                    <string>B</string>
                                </void>
                                <void property="location">
                                    <string>L</string>
                                </void>
                                <void property="parameters">
                                    <string>#DIRECTORY=#OUTPUTDIRECTORY</string>
                                </void>
                                <void property="platform">
                                    <string>All</string>
                                </void>
                                <void property="products">
                                    <string>All</string>
                                </void>
                                <void property="runLocation">
                                    <string>Local</string>
                                </void>
                                <void property="scriptProcedure">
                                    <string>CreateViews</string>
                                </void>
                                <void property="upgradeType">
                                    <string>B</string>
                                </void>
                            </object>
                        </void>
                        <void method="addStep">
                            <object class="com.peoplesoft.pt.changeassistant.step.steps.SQLScript">
                                <string>Run Create Indexes Script</string>
                                <string>Run Create Indexes Script</string>
                                <void property="DBLocation">
                                    <string>T</string>
                                </void>
                                <void property="concurrentExecution">
                                    <string>N</string>
                                </void>
                                <void property="errors">
                                    <string>N</string>
                                </void>
                                <void property="industry">
                                    <string>All</string>
                                </void>
                                <void property="language">
                                    <string>All</string>
                                </void>
                                <void property="languageType">
                                    <string>B</string>
                                </void>
                                <void property="location">
                                    <string>L</string>
                                </void>
                                <void property="parameters">
                                    <string>#DIRECTORY=#OUTPUTDIRECTORY</string>
                                </void>
                                <void property="platform">
                                    <string>All</string>
                                </void>
                                <void property="products">
                                    <string>All</string>
                                </void>
                                <void property="runLocation">
                                    <string>Local</string>
                                </void>
                                <void property="scriptProcedure">
                                    <string>CreateIndexes</string>
                                </void>
                                <void property="upgradeType">
                                    <string>B</string>
                                </void>
                            </object>
                        </void>
                    </object>
                </void>
            </object>
        </void>
    </object>
</java>
